2022-05-01 23:45:11,2013-02-24 14:42:07,1333,0.0
2022-05-01 23:45:13,2020-09-01 15:25:38,110,0.4939
2022-05-01 23:45:22,2021-05-03 00:51:47,100,0.0772
2022-05-01 23:45:26,2022-04-09 01:50:55,181,0.0
2022-05-01 23:45:28,2017-12-14 18:58:56,12,0.0
2022-05-01 23:45:29,2020-09-26 23:45:45,17,0.0
2022-05-01 23:45:34,2012-05-07 23:10:36,357,0.0
2022-05-01 23:45:36,2021-01-24 22:32:20,258,0.0
2022-05-01 23:45:38,2017-09-29 01:51:50,21,0.0
2022-05-01 23:45:40,2017-05-06 09:02:20,48,0.0
2022-05-01 23:45:43,2022-01-28 18:47:32,3230,0.0772
2022-05-01 23:45:41,2019-11-28 04:29:36,9,0.0
2022-05-01 23:45:47,2020-09-26 23:45:45,17,0.0
2022-05-01 23:45:47,2021-10-20 11:19:55,71,0.7184
2022-05-01 23:45:55,2017-05-25 02:14:31,2865,0.4588
2022-05-01 23:45:56,2016-06-20 03:16:48,482,0.0
2022-05-01 23:45:56,2015-02-15 14:01:26,391,0.0
2022-05-01 23:45:56,2021-07-20 22:16:06,87,0.1779
2022-05-01 23:45:59,2021-09-14 20:13:10,39,0.6249
2022-05-01 23:46:00,2020-07-21 15:09:19,44,0.0
2022-05-01 23:46:02,2013-03-21 12:43:38,630,-0.4939
2022-05-01 23:46:03,2021-04-18 06:30:21,198,0.0
2022-05-01 23:46:03,2016-05-08 22:32:59,14,-0.4404
2022-05-01 23:46:03,2014-12-30 17:23:31,436,0.4939
2022-05-01 23:46:12,2022-01-18 12:02:07,219,0.3612
2022-05-01 23:46:14,2018-06-19 06:17:44,52,-0.4404
2022-05-01 23:46:16,2022-04-11 13:34:06,13,0.0
2022-05-01 23:46:18,2018-12-27 11:33:33,12,-0.4939
2022-05-01 23:46:19,2018-12-11 22:21:34,25,0.0
2022-05-01 23:46:21,2016-08-20 22:44:10,19,0.1779
2022-05-01 23:46:28,2019-12-29 13:23:12,173,0.4939
2022-05-01 23:46:38,2017-12-27 05:00:04,738,0.6249
2022-05-01 23:46:49,2009-12-07 20:41:43,71,0.0
2022-05-01 23:46:58,2010-04-20 16:48:41,734,0.2732
2022-05-01 23:47:11,2019-04-02 22:15:34,109,0.0
2022-05-01 23:47:19,2018-04-11 21:59:17,74,0.4939
2022-05-01 23:47:22,2022-01-18 12:58:29,46,0.0
2022-05-01 23:47:23,2017-09-27 05:11:14,66,0.4939
2022-05-01 23:47:23,2022-03-10 02:57:19,10,0.0
2022-05-01 23:47:29,2011-03-16 01:39:35,244,0.6249
2022-05-01 23:47:40,2014-01-07 00:41:13,32,-0.0772
2022-05-01 23:47:40,2017-06-14 12:44:53,311,0.0
2022-05-01 23:47:43,2013-08-09 16:53:01,34,0.0
2022-05-01 23:47:44,2018-12-04 22:46:42,381,0.0
2022-05-01 23:47:45,2014-01-02 08:47:07,259,0.0
2022-05-01 23:47:58,2014-09-14 03:26:53,523,-0.4939
2022-05-01 23:48:07,2020-10-27 02:30:32,278,0.6369
2022-05-01 23:48:14,2019-07-17 03:37:04,25,0.4939
2022-05-01 23:48:46,2020-09-05 04:46:59,9,-0.1779
2022-05-01 23:48:47,2020-10-03 11:00:13,149,-0.4939
2022-05-01 23:48:48,2017-03-30 20:40:04,159,0.0
2022-05-01 23:49:10,2020-12-27 06:31:52,67,-0.4939
2022-05-01 23:49:14,2018-06-07 18:24:15,455,0.34
2022-05-01 23:49:14,2016-11-28 17:22:13,583,0.8807
2022-05-01 23:49:17,2017-05-29 19:55:05,173,0.4939
2022-05-01 23:49:21,2019-10-27 21:17:05,190,0.0
2022-05-01 23:49:24,2018-06-05 03:26:19,133,0.0
2022-05-01 23:49:23,2009-06-25 18:12:21,473,0.4939
2022-05-01 23:49:25,2017-02-08 23:57:01,66,0.4939
2022-05-01 23:49:28,2016-02-05 21:25:48,107,0.2732
2022-05-01 23:49:28,2009-05-24 20:47:52,722,0.0
2022-05-01 23:49:31,2015-12-01 07:47:11,68,0.0
2022-05-01 23:49:33,2019-05-18 00:24:56,11860,0.5994
2022-05-01 23:49:32,2010-09-25 22:01:09,489,0.0
2022-05-01 23:49:37,2014-04-09 18:17:48,903,0.0
2022-05-01 23:49:38,2012-09-13 02:54:50,249,0.0
2022-05-01 23:49:40,2010-12-23 00:30:07,276,0.0
2022-05-01 23:49:46,2017-10-31 14:04:18,108,-0.4939
2022-05-01 23:49:48,2017-05-10 12:50:30,110,0.0
2022-05-01 23:49:50,2020-01-01 22:18:56,185,0.0
2022-05-01 23:49:57,2011-06-29 19:54:36,179,0.4939
2022-05-01 23:49:57,2018-03-20 02:47:53,227,-0.4939
2022-05-01 23:50:06,2021-12-19 05:54:30,162,0.0
2022-05-01 23:50:09,2014-01-07 07:14:28,689,0.34
2022-05-01 23:50:14,2016-08-26 19:31:47,89,0.0
2022-05-01 23:50:22,2014-09-14 23:19:39,503,0.1779
2022-05-01 23:50:23,2016-08-15 23:05:40,604,0.0
2022-05-01 23:50:33,2021-09-30 22:27:20,78,0.34
2022-05-01 23:50:35,2018-05-20 22:57:53,25,0.4404
2022-05-01 23:50:36,2016-09-26 19:11:20,137,0.0
2022-05-01 23:50:37,2020-01-01 22:18:56,185,0.0
2022-05-01 23:50:39,2017-03-18 05:03:29,52,0.0
2022-05-01 23:50:39,2018-09-07 23:53:55,54,0.0
2022-05-01 23:50:40,2022-04-20 22:35:05,231,0.0
2022-05-01 23:50:41,2017-10-08 20:14:47,282,0.4939
2022-05-01 23:50:43,2012-04-11 17:49:05,148,-0.6249
2022-05-01 23:50:43,2012-04-13 17:26:25,659,0.0
2022-05-01 23:50:44,2021-08-27 20:05:55,24,0.4588
2022-05-01 23:50:45,2022-01-01 22:37:57,211,0.0
2022-05-01 23:50:51,2017-02-06 01:15:46,77,0.0
2022-05-01 23:50:51,2016-08-26 19:31:47,89,0.0
2022-05-01 23:51:05,2022-04-29 20:42:18,6,0.0
2022-05-01 23:51:11,2018-08-31 07:54:47,97,0.7394
2022-05-01 23:51:09,2021-05-06 19:55:30,60,-0.34
2022-05-01 23:51:16,2016-05-08 16:50:38,52,0.0
2022-05-01 23:51:18,2021-09-06 03:16:57,114,0.4939
2022-05-01 23:51:17,2021-01-16 02:39:06,12,-0.5423
2022-05-01 23:51:18,2009-05-24 20:47:52,722,0.0
2022-05-01 23:51:23,2019-09-01 04:06:12,288,-0.4939
2022-05-01 23:51:24,2016-11-28 17:22:13,583,0.0
2022-05-01 23:51:33,2010-01-27 02:20:47,23,0.4939
2022-05-01 23:51:38,2014-12-10 21:42:24,14,0.7841
2022-05-01 23:51:48,2016-01-27 01:51:20,65,0.0
2022-05-01 23:51:48,2016-12-24 04:39:13,24166,0.0
2022-05-01 23:51:50,2022-01-29 02:20:49,7,0.0
2022-05-01 23:51:51,2019-11-23 21:19:35,1973,0.0
2022-05-01 23:51:52,2022-03-11 02:52:53,7,0.4588
2022-05-01 23:51:55,2009-03-28 20:54:53,2008,0.0516
2022-05-01 23:51:59,2017-07-02 07:47:39,675,0.4939
2022-05-01 23:52:20,2013-08-09 16:53:01,34,-0.4404
2022-05-01 23:52:25,2017-06-06 21:07:14,226,0.0
2022-05-01 23:52:26,2018-10-14 23:25:46,17,0.1779
2022-05-01 23:52:32,2022-04-02 00:07:42,86,0.0
2022-05-01 23:52:36,2017-01-11 19:35:45,683,0.0
2022-05-01 23:52:39,2010-01-14 22:35:17,24,0.0
2022-05-01 23:52:44,2015-01-22 14:14:30,397,0.0
2022-05-01 23:52:48,2012-01-23 13:39:45,176,0.0
2022-05-01 23:52:51,2015-01-22 14:14:30,397,0.4588
2022-05-01 23:52:56,2021-02-23 20:12:24,519,0.0
2022-05-01 23:52:59,2015-06-04 22:35:54,93,0.0
2022-05-01 23:53:01,2022-05-01 23:44:07,0,-0.0516
2022-05-01 23:53:01,2012-01-23 13:39:45,176,-0.4404
2022-05-01 23:53:16,2013-06-18 01:41:03,1469,-0.6808
2022-05-01 23:53:17,2021-04-17 19:01:12,11,0.1779
2022-05-01 23:53:22,2020-02-05 22:14:57,2207,0.2732
2022-05-01 23:53:21,2020-05-14 02:17:23,14,0.0
2022-05-01 23:53:25,2022-05-01 13:57:33,46,0.0
2022-05-01 23:53:26,2018-03-13 07:13:51,66,0.0
2022-05-01 23:53:31,2018-10-16 02:27:32,38,0.0
2022-05-01 23:53:36,2020-05-26 15:06:41,60,-0.4404
2022-05-01 23:53:36,2018-01-01 19:20:44,76,0.4215
2022-05-01 23:53:37,2009-04-30 23:41:19,2812,0.4939
2022-05-01 23:53:40,2018-11-06 13:57:44,364,0.0
2022-05-01 23:53:41,2019-03-16 01:03:16,333,-0.5267
2022-05-01 23:53:42,2019-10-27 21:17:05,191,0.0
2022-05-01 23:53:43,2020-11-24 00:22:31,120,0.0
2022-05-01 23:53:43,2020-06-05 02:07:10,52,-0.3612
2022-05-01 23:53:46,2021-05-02 15:34:17,105,-0.4847
2022-05-01 23:53:50,2020-10-19 13:38:33,73,0.8591
2022-05-01 23:53:50,2018-07-30 15:09:22,110,0.0
2022-05-01 23:53:53,2016-08-20 22:44:10,19,0.1531
2022-05-01 23:53:55,2019-01-26 22:18:17,425,0.4939
2022-05-01 23:53:58,2020-07-28 16:17:17,1240,0.0
2022-05-01 23:54:05,2021-10-25 12:24:25,11,0.0
2022-05-01 23:54:13,2019-10-06 01:54:32,16,0.9406
2022-05-01 23:54:13,2014-01-17 11:02:41,49,0.5859
2022-05-01 23:54:14,2021-04-17 20:59:38,21,0.0
2022-05-01 23:54:20,2021-08-24 20:39:04,722,0.6249
2022-05-01 23:54:24,2020-12-21 13:22:05,30,0.0
2022-05-01 23:54:25,2021-04-15 09:15:28,53,-0.4939
2022-05-01 23:54:25,2014-03-02 02:03:35,203,0.4939
2022-05-01 23:54:25,2015-04-02 13:26:22,163,0.0
2022-05-01 23:54:31,2012-04-11 17:49:05,148,0.7574
2022-05-01 23:54:33,2020-11-20 22:31:19,59,0.0
2022-05-01 23:54:38,2010-05-14 03:56:46,3605,0.0
2022-05-01 23:54:39,2021-06-10 11:17:16,1173,0.3612
2022-05-01 23:54:40,2010-04-08 00:49:27,29,0.2023
2022-05-01 23:54:41,2015-08-26 23:51:21,1464,0.34
2022-05-01 23:54:42,2020-03-27 02:34:48,541,0.0
2022-05-01 23:54:42,2017-05-10 09:22:47,331,0.4588
2022-05-01 23:54:52,2018-06-03 04:32:30,174,0.0
2022-05-01 23:54:53,2018-08-05 03:26:51,650,0.0
2022-05-01 23:54:55,2009-03-28 20:54:53,2008,0.0772
2022-05-01 23:54:58,2018-10-16 02:27:32,38,0.0
2022-05-01 23:55:02,2021-11-14 02:23:59,17,0.0
2022-05-01 23:55:03,2022-03-31 21:19:34,1,0.0
2022-05-01 23:55:03,2014-06-01 03:22:38,51,0.0
2022-05-01 23:55:03,2021-03-02 05:24:50,11,0.3321
2022-05-01 23:55:08,2019-07-31 16:04:32,35,0.0
2022-05-01 23:55:09,2020-03-27 02:34:48,541,-0.4404
2022-05-01 23:55:08,2021-06-11 06:54:59,103,0.0
2022-05-01 23:55:15,2018-01-01 19:20:44,76,0.4215
2022-05-01 23:55:21,2019-12-24 11:56:12,275,0.0772
2022-05-01 23:55:30,2022-04-30 07:29:03,4,0.0
2022-05-01 23:55:30,2019-05-29 19:34:23,2910,0.3182
2022-05-01 23:55:32,2017-06-18 04:25:25,90,0.1779
2022-05-01 23:55:34,2008-11-20 17:21:27,8538,0.0772
2022-05-01 23:55:39,2019-12-24 11:56:12,275,0.5994
2022-05-01 23:55:40,2017-07-31 02:36:25,189,0.0
2022-05-01 23:55:40,2016-11-02 06:42:21,69,0.0
2022-05-01 23:55:42,2019-10-14 19:16:41,104,0.9246
2022-05-01 23:55:52,2020-01-19 02:17:21,55,0.4939
2022-05-01 23:55:52,2021-02-01 20:29:26,15,0.0
2022-05-01 23:55:55,2021-02-01 20:29:26,15,0.0
2022-05-01 23:56:02,2022-04-11 19:26:50,217,0.7003
2022-05-01 23:56:03,2020-10-22 10:08:30,1470,0.5859
2022-05-01 23:56:04,2017-11-18 17:19:12,35,0.0
2022-05-01 23:56:06,2017-02-06 01:15:46,77,0.0772
2022-05-01 23:56:09,2020-11-20 22:31:19,59,0.0
2022-05-01 23:56:10,2015-07-22 14:32:54,166,0.4588
2022-05-01 23:56:10,2013-07-24 15:54:45,381,0.0
2022-05-01 23:56:11,2022-04-19 19:45:43,1036,0.4939
2022-05-01 23:56:18,2019-11-05 17:53:32,3733,0.0
2022-05-01 23:56:20,2013-01-22 05:54:03,258,0.0
2022-05-01 23:56:28,2022-03-30 13:20:29,13,-0.5859
2022-05-01 23:56:29,2012-02-15 13:30:27,1221,0.0
2022-05-01 23:56:34,2020-12-29 04:29:34,3,0.0
2022-05-01 23:56:37,2021-11-08 15:29:41,25,0.0
2022-05-01 23:56:38,2011-07-25 04:26:24,481,0.0
2022-05-01 23:56:42,2009-07-07 21:00:05,211,-0.4404
2022-05-01 23:56:42,2019-08-04 07:03:14,58,0.0
2022-05-01 23:56:47,2018-04-01 21:49:03,236,-0.4939
2022-05-01 23:56:46,2011-07-25 04:26:24,481,0.0
2022-05-01 23:56:47,2021-02-25 01:43:24,427,0.0
2022-05-01 23:56:50,2018-09-10 00:42:05,48,0.0
2022-05-01 23:56:52,2018-06-07 21:08:50,25,0.0
2022-05-01 23:56:54,2013-07-24 15:54:45,381,0.0
2022-05-01 23:56:54,2020-11-02 16:37:38,48,0.3321
2022-05-01 23:56:54,2016-02-05 06:59:48,159,0.0
2022-05-01 23:56:56,2019-05-29 19:34:23,2910,0.0
2022-05-01 23:56:59,2015-12-09 15:45:09,894,0.0
2022-05-01 23:57:03,2018-06-19 06:00:36,442,0.6124
2022-05-01 23:57:06,2012-06-04 21:06:59,851,0.0
2022-05-01 23:57:08,2018-04-01 21:49:03,236,0.0
2022-05-01 23:57:13,2009-12-12 23:35:44,842,0.0
2022-05-01 23:57:29,2022-04-27 10:58:26,4,0.0
2022-05-01 23:57:30,2018-07-16 09:01:01,922,0.34
2022-05-01 23:57:35,2016-01-11 12:59:26,42,-0.4939
2022-05-01 23:57:36,2019-03-16 01:03:16,333,0.0
2022-05-01 23:57:36,2020-01-23 22:58:57,978,0.1258
2022-05-01 23:57:37,2013-04-27 01:02:39,14,0.0
2022-05-01 23:57:41,2021-12-25 23:19:58,3,0.4404
2022-05-01 23:58:03,2019-07-11 03:16:03,4023,0.0
2022-05-01 23:58:04,2016-12-31 06:39:01,338,0.0
2022-05-01 23:58:14,2016-06-03 20:59:34,50,-0.4939
2022-05-01 23:58:21,2015-07-22 14:32:54,166,0.4939
2022-05-01 23:58:23,2022-04-25 23:37:10,685,0.5574
2022-05-01 23:58:36,2020-09-05 05:44:12,46,-0.7466
2022-05-01 23:58:39,2020-03-25 22:21:54,32,0.0
2022-05-01 23:58:42,2018-08-09 12:05:47,1979,0.6249
2022-05-01 23:58:51,2019-03-02 11:00:08,23,0.0
2022-05-01 23:58:53,2019-08-16 23:17:13,74,0.0
2022-05-01 23:58:55,2011-10-12 22:54:45,12,0.0
2022-05-01 23:58:57,2019-08-16 23:17:13,74,0.0
2022-05-01 23:58:57,2022-02-03 01:08:13,1,0.0
2022-05-01 23:58:58,2011-10-12 22:54:45,12,0.0
2022-05-01 23:58:58,2019-07-25 17:40:26,286,-0.4767
2022-05-01 23:59:04,2015-11-24 20:40:25,835,0.34
2022-05-01 23:59:16,2009-04-07 19:37:48,3200,0.0
2022-05-01 23:59:23,2016-04-09 17:26:32,79,0.0
2022-05-01 23:59:24,2020-05-09 14:50:46,216,-0.4404
2022-05-01 23:59:29,2020-09-30 03:09:31,287,0.3321
2022-05-01 23:59:30,2016-08-23 16:25:45,295,0.0
2022-05-01 23:59:35,2022-04-10 00:53:25,518,0.0
2022-05-01 23:59:37,2012-01-23 13:39:45,176,0.0
2022-05-01 23:59:42,2019-06-05 19:51:13,142,0.6249
2022-05-01 23:59:43,2019-04-10 21:46:52,86,0.5949
2022-05-01 23:59:43,2022-04-22 15:52:10,33,0.0
2022-05-01 23:59:44,2018-06-21 14:45:25,21,0.0
2022-05-01 23:59:51,2014-08-25 03:34:32,269,0.0
2022-05-01 23:59:52,2017-10-02 00:43:46,757,0.0
2022-05-01 23:59:53,2022-01-21 02:31:43,24,0.0
2022-05-02 00:00:01,2016-06-13 22:33:20,34,0.0
2022-05-02 00:00:05,2021-04-24 23:54:30,99,0.4939
2022-05-02 00:00:06,2017-11-26 07:07:29,1081,0.0
2022-05-02 00:00:06,2016-12-29 00:02:08,103,0.0
2022-05-02 00:00:10,2013-07-19 20:54:32,119,0.0
2022-05-02 00:00:11,2020-06-05 02:07:10,52,0.0
2022-05-02 00:00:17,2016-03-26 22:38:04,275,0.4939
2022-05-02 00:00:18,2016-04-01 14:04:06,546,0.2263
2022-05-02 00:00:18,2018-08-09 12:05:47,1979,0.0
2022-05-02 00:00:20,2022-04-30 07:29:03,4,0.0
2022-05-02 00:00:21,2021-01-09 01:27:33,108,0.0
2022-05-02 00:00:26,2021-07-09 12:52:16,980,0.0
2022-05-02 00:00:26,2020-10-10 00:41:59,61,0.0
2022-05-02 00:00:28,2019-12-18 04:11:12,104,0.3321
2022-05-02 00:00:30,2019-02-10 09:00:32,431,0.0
2022-05-02 00:00:33,2014-10-13 07:56:11,218,0.0
2022-05-02 00:00:38,2011-09-23 03:44:21,303,0.0
2022-05-02 00:00:42,2014-10-21 22:32:39,511,0.4939
2022-05-02 00:00:49,2020-03-02 08:53:26,423,0.3321
2022-05-02 00:00:50,2020-06-20 06:46:05,38,0.0
2022-05-02 00:00:52,2016-06-26 20:04:15,72,0.0
2022-05-02 00:01:02,2019-09-06 23:24:58,337,0.0
2022-05-02 00:01:07,2019-10-12 22:17:15,2427,0.4939
2022-05-02 00:01:09,2018-03-19 17:14:53,73,0.0
2022-05-02 00:01:09,2020-01-10 06:11:27,151,0.4588
2022-05-02 00:01:11,2018-12-18 23:22:37,37,0.6249
2022-05-02 00:01:12,2015-10-19 02:12:50,1013,0.4939
2022-05-02 00:01:13,2018-02-25 22:07:35,90,0.0
2022-05-02 00:01:17,2020-05-21 16:07:26,58,0.4939
2022-05-02 00:01:22,2017-01-20 23:52:12,693,0.0
2022-05-02 00:01:24,2019-12-22 21:23:50,90,0.0
2022-05-02 00:01:27,2021-03-20 20:46:32,83,0.0
2022-05-02 00:01:29,2011-08-21 23:49:22,183,-0.4939
2022-05-02 00:01:48,2011-05-30 00:06:00,118,0.0
2022-05-02 00:01:50,2019-07-12 07:27:15,2418,-0.3612
2022-05-02 00:01:55,2020-02-17 21:52:43,4,0.3818
2022-05-02 00:02:04,2016-07-15 00:28:37,36,0.0
2022-05-02 00:02:06,2017-03-30 07:18:56,4,0.0
2022-05-02 00:02:14,2021-07-12 20:56:10,192,0.4939
2022-05-02 00:02:14,2020-01-01 03:52:34,57,0.0
2022-05-02 00:02:16,2020-03-28 05:21:32,19,0.0
2022-05-02 00:02:16,2020-06-05 15:29:02,522,-0.4404
2022-05-02 00:02:17,2021-04-15 12:51:27,10011,0.7184
2022-05-02 00:02:20,2015-12-17 00:10:57,570,0.0
2022-05-02 00:02:21,2015-01-19 16:32:44,78,0.0
2022-05-02 00:02:20,2020-11-01 00:34:41,24,0.4509
2022-05-02 00:02:29,2021-04-11 20:59:16,23,0.1248
2022-05-02 00:02:30,2020-06-18 02:36:59,134,0.0
2022-05-02 00:02:34,2021-08-26 01:33:23,14,-0.4404
2022-05-02 00:02:50,2014-02-15 15:09:15,345,-0.4939
2022-05-02 00:02:55,2018-10-29 14:01:34,557,-0.4939
2022-05-02 00:02:59,2012-06-02 16:24:24,329,0.9313
2022-05-02 00:03:02,2022-03-20 23:58:01,3,0.0
2022-05-02 00:03:02,2015-05-31 21:54:28,362,0.4939
2022-05-02 00:03:03,2020-09-28 19:16:58,5740,-0.1027
2022-05-02 00:03:06,2009-06-30 22:56:56,2706,0.0
2022-05-02 00:03:06,2022-02-26 01:06:24,1,0.0
2022-05-02 00:03:11,2018-10-20 03:02:26,492,0.0
2022-05-02 00:03:13,2014-02-05 02:03:54,111,0.0
2022-05-02 00:03:15,2021-02-19 16:13:33,16,0.0
2022-05-02 00:03:20,2020-01-29 01:11:49,50,0.0
2022-05-02 00:03:25,2011-09-14 20:35:34,5648,0.5859
2022-05-02 00:03:28,2022-01-16 19:58:47,17,0.0
2022-05-02 00:03:29,2011-09-03 18:17:02,786,-0.4939
2022-05-02 00:03:30,2021-01-06 18:35:19,1157,0.0
2022-05-02 00:03:40,2021-08-26 01:33:23,14,0.0
2022-05-02 00:03:40,2019-05-17 18:02:31,173,0.7003
2022-05-02 00:03:39,2015-12-01 07:47:11,68,0.0
2022-05-02 00:03:40,2013-11-21 02:24:06,43141,0.0
2022-05-02 00:03:44,2015-04-10 21:22:51,254,0.0772
2022-05-02 00:03:44,2017-08-12 05:14:29,64,0.0
2022-05-02 00:03:46,2020-11-02 16:37:38,48,0.0
2022-05-02 00:03:46,2021-01-25 01:55:55,428,0.0
2022-05-02 00:03:47,2020-11-07 21:13:46,247,0.0
2022-05-02 00:03:47,2020-09-21 23:34:13,68,0.1779
2022-05-02 00:03:51,2022-01-08 00:36:33,42,0.0
2022-05-02 00:03:52,2020-12-18 20:54:33,6580,0.0
2022-05-02 00:03:53,2012-10-03 19:55:37,507,0.4939
2022-05-02 00:04:01,2018-05-21 21:11:14,871,0.4939
2022-05-02 00:04:03,2018-04-10 01:13:38,31,0.0
2022-05-02 00:04:09,2009-11-11 05:10:19,131,0.9246
2022-05-02 00:04:08,2017-07-13 00:29:19,98,-0.4939
2022-05-02 00:04:11,2011-01-30 17:27:29,730,-0.25
2022-05-02 00:04:14,2021-02-28 23:58:49,747,0.3612
2022-05-02 00:04:20,2020-11-03 19:48:12,2300,0.4588
2022-05-02 00:04:22,2020-02-16 15:40:37,462,-0.4939
2022-05-02 00:04:28,2018-07-07 23:05:23,34,0.0
2022-05-02 00:04:27,2020-12-26 18:33:00,34,0.0
2022-05-02 00:04:35,2021-04-20 00:33:45,1181,0.0772
2022-05-02 00:04:36,2020-08-16 22:39:26,97,0.0772
2022-05-02 00:04:37,2015-12-07 08:54:54,33,0.0
2022-05-02 00:04:38,2015-08-15 00:22:44,265,0.6249
2022-05-02 00:04:40,2018-12-06 02:32:14,235,0.0
2022-05-02 00:04:53,2020-02-16 15:40:37,462,-0.4939
2022-05-02 00:04:56,2017-06-28 13:06:32,334,0.4939
2022-05-02 00:04:58,2016-01-08 00:53:26,594,0.5106
2022-05-02 00:05:02,2019-02-23 21:33:40,11,-0.4939
2022-05-02 00:05:02,2011-11-22 16:14:19,1040,0.0772
2022-05-02 00:05:08,2019-04-19 13:39:39,61,-0.4404
2022-05-02 00:05:10,2015-03-19 02:03:26,90,0.0
2022-05-02 00:05:12,2019-11-24 00:17:31,65,0.0
2022-05-02 00:05:13,2021-06-28 15:35:59,173,0.0
2022-05-02 00:05:27,2021-04-18 19:33:24,1,0.0
2022-05-02 00:05:28,2018-12-06 02:32:14,235,0.0
2022-05-02 00:05:29,2017-10-23 23:33:31,248,-0.4939
2022-05-02 00:05:31,2017-05-14 02:49:48,238,0.0
2022-05-02 00:05:31,2012-10-02 23:31:56,129,0.4588
2022-05-02 00:05:33,2020-05-24 23:24:19,20,0.6249
2022-05-02 00:05:35,2020-11-03 19:48:12,2300,0.0772
2022-05-02 00:05:40,2021-03-01 19:16:40,542,0.0
2022-05-02 00:05:42,2022-04-07 22:30:49,4,0.0
2022-05-02 00:05:47,2021-10-13 18:37:56,8,0.296
2022-05-02 00:05:47,2010-02-10 23:26:14,502,0.2732
2022-05-02 00:05:50,2012-04-20 03:40:52,135,0.0
2022-05-02 00:05:57,2015-09-04 19:01:50,1162,0.0
2022-05-02 00:05:57,2011-09-19 10:31:55,18,0.128
2022-05-02 00:05:59,2017-08-04 14:01:51,1640,0.0772
2022-05-02 00:06:01,2019-09-18 01:58:50,1430,0.0
2022-05-02 00:06:07,2018-03-31 19:07:44,102,0.0
2022-05-02 00:06:08,2015-03-30 15:31:29,98,0.3321
2022-05-02 00:06:11,2020-06-27 21:54:23,256,0.0
2022-05-02 00:06:11,2016-08-07 03:28:29,423,0.4588
2022-05-02 00:06:14,2020-06-27 21:54:23,256,0.0
2022-05-02 00:06:17,2009-04-17 05:11:21,1378,0.6369
2022-05-02 00:06:17,2013-09-07 20:14:23,156,0.0772
2022-05-02 00:06:22,2020-08-29 23:56:57,39,0.0
2022-05-02 00:06:29,2018-06-07 18:24:15,455,0.0
2022-05-02 00:06:34,2016-03-06 03:14:26,110,0.0
2022-05-02 00:06:36,2021-09-24 04:17:13,258,-0.4404
2022-05-02 00:06:40,2014-03-04 14:42:56,707,0.0
2022-05-02 00:06:41,2016-03-06 03:14:26,110,0.0
2022-05-02 00:06:47,2009-07-29 00:36:59,123,-0.4939
2022-05-02 00:06:46,2020-07-09 00:17:49,1539,0.0
2022-05-02 00:06:49,2018-09-07 03:45:35,44,0.1779
2022-05-02 00:06:51,2021-09-24 04:17:13,258,0.0
2022-05-02 00:06:52,2011-09-14 20:35:34,5648,0.0
2022-05-02 00:06:56,2011-09-14 20:35:34,5648,0.0
2022-05-02 00:06:58,2020-06-12 02:10:16,225,0.4939
2022-05-02 00:07:08,2017-08-03 04:43:00,292,0.1027
2022-05-02 00:07:09,2020-05-29 20:15:21,24,0.0
2022-05-02 00:07:15,2009-04-17 05:11:21,1378,0.0
2022-05-02 00:07:23,2021-03-13 01:33:11,6,0.0
2022-05-02 00:07:25,2022-01-17 21:16:29,11,0.0
2022-05-02 00:07:25,2021-03-09 07:44:48,6,0.0
2022-05-02 00:07:27,2009-05-07 01:39:26,104,0.1779
2022-05-02 00:07:29,2021-03-13 01:33:11,6,0.0
2022-05-02 00:07:31,2021-02-17 03:40:14,270,0.0
2022-05-02 00:07:35,2018-04-17 03:49:43,44,0.0
2022-05-02 00:07:42,2019-03-04 01:04:48,74,0.0
2022-05-02 00:07:46,2018-04-17 03:49:43,44,0.0
2022-05-02 00:07:47,2019-11-11 17:11:28,79,0.0
2022-05-02 00:07:55,2020-05-03 16:03:14,42,0.0
2022-05-02 00:07:58,2021-01-11 15:07:21,393,0.0
2022-05-02 00:08:00,2021-11-29 04:10:55,3,0.0516
2022-05-02 00:08:03,2011-01-30 17:27:29,730,-0.25
2022-05-02 00:08:04,2014-11-09 02:34:31,724,-0.4939
2022-05-02 00:08:12,2016-08-28 00:03:25,563,0.0
2022-05-02 00:08:24,2014-11-02 23:44:48,257,0.0
2022-05-02 00:08:27,2017-01-07 16:27:02,27,0.0
2022-05-02 00:08:28,2017-01-07 16:27:02,27,0.0
2022-05-02 00:08:31,2021-02-20 20:20:32,1197,0.4939
2022-05-02 00:08:35,2013-05-16 14:09:25,53,0.8979
2022-05-02 00:08:37,2021-02-11 22:28:12,1769,0.0
2022-05-02 00:08:45,2018-01-05 23:06:35,142,0.0
2022-05-02 00:08:48,2014-05-12 02:19:10,12,-0.4939
2022-05-02 00:08:48,2014-06-24 13:43:14,127,0.3321
2022-05-02 00:08:50,2021-01-08 02:22:53,439,0.1779
2022-05-02 00:08:51,2020-04-25 17:22:22,80,0.2732
2022-05-02 00:08:51,2022-02-27 04:18:42,72,0.0
2022-05-02 00:08:55,2020-11-29 05:10:44,15,0.6249
2022-05-02 00:08:57,2021-12-12 21:34:57,120,0.836
2022-05-02 00:08:58,2018-04-10 06:55:20,38,0.0
2022-05-02 00:09:07,2019-04-06 23:44:42,243,0.0
2022-05-02 00:09:11,2021-08-30 21:20:21,38,0.0772
2022-05-02 00:09:15,2021-12-26 15:29:03,214,0.743
2022-05-02 00:09:16,2022-03-23 02:38:18,99,0.0
2022-05-02 00:09:29,2012-07-21 16:23:38,444,0.7783
2022-05-02 00:09:39,2014-09-05 18:41:45,18,0.4588
2022-05-02 00:09:42,2020-11-14 17:19:12,30,0.6597
2022-05-02 00:09:45,2021-02-03 14:20:16,234,-0.4404
2022-05-02 00:09:48,2011-09-14 20:35:34,5648,0.0
2022-05-02 00:09:51,2012-02-20 19:31:45,123,0.0
2022-05-02 00:09:51,2016-11-08 14:00:31,211,0.0
2022-05-02 00:09:50,2020-11-21 18:11:09,377,-0.4404
2022-05-02 00:09:56,2018-12-03 19:13:24,108,0.1779
2022-05-02 00:09:58,2009-09-28 22:48:15,81,-0.4939
2022-05-02 00:09:58,2021-08-30 21:20:21,38,0.2732
2022-05-02 00:10:05,2018-03-25 00:46:30,173,0.0
2022-05-02 00:10:11,2021-09-14 20:13:10,39,0.4939
2022-05-02 00:10:15,2014-05-18 17:44:00,49,0.6249
2022-05-02 00:10:18,2017-08-07 03:04:01,855,0.4588
2022-05-02 00:10:20,2021-03-30 15:50:43,116,0.0
2022-05-02 00:10:26,2019-02-02 01:38:52,200,0.0
2022-05-02 00:10:27,2020-11-21 18:11:09,377,0.0
2022-05-02 00:10:31,2018-06-29 00:21:37,206,0.0
2022-05-02 00:10:32,2018-12-03 20:40:38,32,-0.4404
2022-05-02 00:10:34,2022-03-30 19:44:23,10,0.0
2022-05-02 00:10:35,2016-02-26 00:14:02,403,0.0
2022-05-02 00:10:37,2020-06-17 00:55:44,11,0.0
2022-05-02 00:10:39,2019-05-02 04:43:24,54,0.3182
2022-05-02 00:10:48,2019-05-02 04:43:24,54,0.1531
2022-05-02 00:10:52,2021-09-10 20:13:03,1,0.0
2022-05-02 00:10:55,2019-09-01 07:23:38,247,0.4588
2022-05-02 00:10:59,2021-06-21 16:50:08,1309,0.743
2022-05-02 00:11:01,2021-01-23 20:50:25,294,0.0
2022-05-02 00:11:02,2019-04-07 12:34:29,70,0.1779
2022-05-02 00:11:04,2016-05-19 00:37:56,73,0.0
2022-05-02 00:11:07,2016-01-23 05:34:32,49,0.0
2022-05-02 00:11:10,2019-09-09 00:55:35,49,0.0
2022-05-02 00:11:12,2019-10-13 10:22:06,86,0.0
2022-05-02 00:11:17,2021-10-30 13:01:52,0,0.0
2022-05-02 00:11:20,2020-08-01 23:48:06,162,0.0
2022-05-02 00:11:20,2017-10-09 18:49:50,283,0.0
2022-05-02 00:11:26,2021-05-06 23:24:58,55,0.4939
2022-05-02 00:11:27,2021-07-25 18:46:05,75,0.0
2022-05-02 00:11:28,2021-04-30 19:58:16,20,-0.9584
2022-05-02 00:11:29,2021-05-24 20:08:23,19,0.3321
2022-05-02 00:11:32,2017-03-11 18:10:00,47,0.4939
2022-05-02 00:11:34,2021-09-09 06:42:00,13,0.0
2022-05-02 00:11:36,2014-03-04 14:42:56,707,0.0
2022-05-02 00:11:50,2020-06-18 02:36:59,134,-0.34
2022-05-02 00:11:51,2020-06-27 18:30:51,96,0.4939
2022-05-02 00:11:53,2020-11-11 01:35:23,421,0.0
2022-05-02 00:11:55,2020-10-06 03:55:12,16,0.0
2022-05-02 00:12:04,2017-06-04 00:43:58,65,0.0
2022-05-02 00:12:07,2018-12-03 22:37:26,1204,0.0
2022-05-02 00:12:12,2019-03-21 17:47:38,46,0.0
2022-05-02 00:12:14,2017-03-13 17:04:18,21,0.0
2022-05-02 00:12:16,2018-12-03 22:37:26,1204,0.0
2022-05-02 00:12:19,2016-08-29 21:47:26,48,-0.4939
2022-05-02 00:12:24,2021-02-19 03:22:08,24,0.4939
2022-05-02 00:12:25,2020-06-18 02:36:59,134,-0.4939
2022-05-02 00:12:24,2009-04-27 16:19:06,129,0.4939
2022-05-02 00:12:30,2022-03-21 20:33:15,47,0.5859
2022-05-02 00:12:31,2020-05-21 15:17:31,327,0.0
2022-05-02 00:12:34,2017-01-13 01:28:39,67,0.4939
2022-05-02 00:12:34,2021-11-11 04:53:27,1,0.0
2022-05-02 00:12:40,2010-08-06 03:34:26,2112,0.4939
2022-05-02 00:12:41,2021-03-22 14:37:48,4,0.0
2022-05-02 00:12:42,2019-02-08 04:09:55,1057,0.4939
2022-05-02 00:12:44,2018-06-02 20:38:44,1022,-0.4767
2022-05-02 00:12:49,2010-08-06 03:34:26,2112,-0.8074
2022-05-02 00:13:01,2019-11-30 21:17:52,14,-0.4939
2022-05-02 00:13:01,2020-05-18 14:24:16,27,0.4939
2022-05-02 00:13:04,2020-12-23 22:50:42,2156,-0.2263
2022-05-02 00:13:05,2021-02-26 01:29:38,4283,0.3321
2022-05-02 00:13:07,2017-03-13 17:04:18,21,0.0
2022-05-02 00:13:15,2010-01-16 23:25:33,530,0.8519
2022-05-02 00:13:17,2017-07-13 18:37:58,375,0.1779
2022-05-02 00:13:22,2020-08-15 01:14:18,30,0.6249
2022-05-02 00:13:28,2010-09-02 22:20:09,2434,0.0
2022-05-02 00:13:30,2019-12-09 23:07:57,47,0.0772
2022-05-02 00:13:37,2020-08-11 02:17:24,62,-0.4939
2022-05-02 00:13:37,2016-11-25 00:44:58,33,0.7761
2022-05-02 00:13:38,2021-08-15 15:34:37,47,0.0
2022-05-02 00:13:38,2021-06-04 19:45:14,14,0.0
2022-05-02 00:13:41,2013-09-30 21:44:23,27,0.4939
2022-05-02 00:13:41,2020-08-07 22:42:45,1359,0.0772
2022-05-02 00:13:41,2018-08-20 22:05:18,3,0.0
2022-05-02 00:13:44,2020-12-02 21:49:45,72,0.0
2022-05-02 00:13:44,2021-06-21 16:50:08,1309,-0.875
2022-05-02 00:13:48,2016-04-01 16:23:06,1692,0.0
2022-05-02 00:13:48,2019-10-20 18:18:48,1207,0.3182
2022-05-02 00:13:49,2020-12-02 21:49:45,72,0.0
2022-05-02 00:13:51,2016-11-25 00:44:58,33,0.7761
2022-05-02 00:13:57,2021-10-15 19:29:23,9,0.0
2022-05-02 00:13:59,2022-03-30 19:44:23,10,0.0
2022-05-02 00:14:01,2021-08-16 22:49:42,41,0.4939
2022-05-02 00:14:03,2021-04-14 14:01:02,76,0.0
2022-05-02 00:14:03,2017-02-02 02:57:39,3564,-0.875
2022-05-02 00:14:04,2017-10-16 01:27:46,14,-0.4939
2022-05-02 00:14:07,2009-05-03 23:02:32,128,0.4588
2022-05-02 00:14:17,2021-06-25 01:19:37,876,-0.875
2022-05-02 00:14:19,2011-02-06 20:00:35,659,-0.4939
2022-05-02 00:14:22,2018-01-05 23:06:35,142,0.0
2022-05-02 00:14:41,2020-06-20 06:46:05,38,0.3321
2022-05-02 00:14:41,2021-06-21 16:50:08,1309,-0.8283
2022-05-02 00:14:43,2021-12-13 23:13:09,468,0.0
2022-05-02 00:14:56,2017-08-04 14:01:51,1640,-0.8283
2022-05-02 00:14:58,2019-08-02 19:54:10,118,0.4939
2022-05-02 00:15:03,2020-10-28 06:49:46,175,0.0
2022-05-02 00:15:03,2017-04-22 10:01:43,292,0.0
2022-05-02 00:15:04,2021-01-19 15:13:39,30,0.0
2022-05-02 00:15:06,2016-01-21 03:18:15,180,0.3321
2022-05-02 00:15:07,2017-05-25 07:01:21,156,0.0
2022-05-02 00:15:08,2020-11-08 01:14:50,590,0.8591
2022-05-02 00:15:13,2020-09-01 12:15:50,18,0.0
2022-05-02 00:15:14,2016-12-15 13:41:37,1654,0.8658
2022-05-02 00:15:18,2011-09-29 21:47:29,140,0.1779
2022-05-02 00:15:26,2020-04-09 23:21:07,229,0.0
2022-05-02 00:15:29,2012-09-30 09:37:46,13,0.0
2022-05-02 00:15:36,2017-07-11 17:01:13,691,0.0
2022-05-02 00:15:38,2011-12-10 16:14:47,1705,0.0772
2022-05-02 00:15:38,2016-11-25 00:44:58,33,0.7761
2022-05-02 00:15:38,2019-10-23 12:55:35,219,-0.4404
2022-05-02 00:15:45,2013-05-16 14:09:25,53,0.5856
2022-05-02 00:15:47,2016-12-30 05:12:19,30,0.0
2022-05-02 00:15:50,2018-06-09 16:45:01,976,0.4588
2022-05-02 00:16:03,2017-06-15 04:28:58,1316,0.4939
2022-05-02 00:16:06,2022-04-28 16:39:55,254,0.0
2022-05-02 00:16:16,2019-05-05 05:58:48,74,0.0772
2022-05-02 00:16:23,2018-12-30 05:07:58,94,0.4588
2022-05-02 00:16:26,2020-01-25 17:46:24,25,0.0
2022-05-02 00:16:27,2020-05-18 11:57:27,6,-0.296
2022-05-02 00:16:28,2016-07-21 18:39:50,89,0.0
2022-05-02 00:16:29,2013-05-07 03:38:42,1401,0.0
2022-05-02 00:16:38,2019-12-23 23:56:21,31,0.0
2022-05-02 00:16:39,2009-04-21 23:59:18,79,-0.7783
2022-05-02 00:16:41,2017-03-27 16:50:13,211,0.0
2022-05-02 00:16:43,2019-12-23 23:56:21,31,0.0
2022-05-02 00:16:49,2021-02-17 03:49:16,34,0.4939
2022-05-02 00:17:02,2018-04-22 14:38:34,7,0.765
2022-05-02 00:17:03,2021-04-06 02:59:56,370,0.4939
2022-05-02 00:17:03,2018-03-05 01:45:27,314,0.0
2022-05-02 00:17:12,2019-11-18 20:39:30,7,-0.4939
2022-05-02 00:17:13,2009-03-09 22:29:53,5393,-0.4939
2022-05-02 00:17:14,2014-07-17 04:53:57,38,0.0
2022-05-02 00:17:15,2020-04-27 01:33:56,348,0.0
2022-05-02 00:17:30,2018-09-26 01:52:50,51,0.0
2022-05-02 00:17:33,2016-06-21 16:42:53,104,-0.4939
2022-05-02 00:17:37,2018-12-04 16:12:52,8,0.0
2022-05-02 00:17:46,2021-06-03 18:00:57,2044,-0.9201
2022-05-02 00:17:49,2020-08-17 23:07:16,80,0.0
2022-05-02 00:17:53,2018-11-14 20:34:47,539,0.0
2022-05-02 00:17:55,2018-11-14 20:34:47,539,0.0
2022-05-02 00:18:01,2018-04-01 21:49:03,236,0.0
2022-05-02 00:18:06,2009-06-06 15:16:47,320,0.5574
2022-05-02 00:18:06,2017-02-02 02:57:39,3564,-0.9201
2022-05-02 00:18:13,2015-04-26 17:57:52,172,0.0
2022-05-02 00:18:17,2021-10-17 23:25:12,28,0.1779
2022-05-02 00:18:18,2015-11-29 22:50:55,91,0.0
2022-05-02 00:18:18,2009-06-06 15:16:47,320,-0.0772
2022-05-02 00:18:20,2021-06-03 18:00:57,2044,-0.8283
2022-05-02 00:18:25,2020-08-17 23:07:16,80,-0.4404
2022-05-02 00:18:28,2021-10-22 02:51:28,95,0.4939
2022-05-02 00:18:28,2020-11-26 07:24:17,147,0.0
2022-05-02 00:18:33,2017-07-08 01:54:48,54,0.0
2022-05-02 00:18:36,2011-06-13 23:57:53,16,0.9442
2022-05-02 00:18:37,2021-11-15 23:47:52,90,0.7964
2022-05-02 00:18:44,2017-06-19 06:43:48,13,0.0
2022-05-02 00:18:43,2009-06-19 16:00:52,237,-0.34
2022-05-02 00:18:52,2018-02-02 01:03:12,41,0.0
2022-05-02 00:18:53,2015-08-14 23:26:17,62,0.0
2022-05-02 00:18:54,2019-05-15 04:50:02,33,0.7717
2022-05-02 00:18:55,2016-02-26 01:05:43,467,0.0
2022-05-02 00:18:59,2013-10-13 15:10:28,212,-0.4939
2022-05-02 00:19:02,2012-03-13 18:45:52,258,0.0
2022-05-02 00:19:04,2021-01-31 06:01:32,290,0.0
2022-05-02 00:19:07,2014-05-05 14:28:56,196,0.4939
2022-05-02 00:19:08,2013-12-06 21:02:00,53,0.1779
2022-05-02 00:19:21,2020-10-14 15:02:20,19,0.4939
2022-05-02 00:19:24,2020-10-05 22:12:17,76,0.4939
2022-05-02 00:19:30,2014-05-08 17:12:25,226,0.4939
2022-05-02 00:19:31,2018-02-02 01:03:12,41,0.0
2022-05-02 00:19:33,2020-09-16 19:23:21,145,0.1027
2022-05-02 00:19:35,2017-05-09 03:42:58,531,0.6249
2022-05-02 00:19:37,2019-11-27 12:20:31,236,0.3818
2022-05-02 00:19:47,2011-08-06 16:52:10,149,0.4939
2022-05-02 00:19:49,2021-03-01 22:13:05,247,0.0
2022-05-02 00:19:51,2013-02-08 05:35:20,333,0.0
2022-05-02 00:19:52,2017-07-01 02:00:23,351,0.4939
2022-05-02 00:19:56,2021-07-20 12:33:53,687,0.0
2022-05-02 00:20:02,2020-10-10 13:42:12,1838,0.0
2022-05-02 00:20:04,2022-05-01 06:52:00,10,0.0
2022-05-02 00:20:05,2018-03-22 10:02:06,19,-0.4939
2022-05-02 00:20:05,2021-06-03 18:00:57,2044,0.0772
2022-05-02 00:20:15,2016-10-26 14:19:38,60,0.0
2022-05-02 00:20:19,2022-03-05 14:47:10,109,-0.0516
2022-05-02 00:20:25,2020-11-03 19:48:12,2300,0.0772
2022-05-02 00:20:25,2016-04-28 01:41:28,88,0.0
2022-05-02 00:20:27,2020-11-03 19:48:12,2300,-0.9201
2022-05-02 00:20:27,2017-07-12 23:23:08,336,0.3321
2022-05-02 00:20:27,2016-09-25 20:06:27,294,0.0
2022-05-02 00:20:29,2020-11-03 19:48:12,2300,-0.8283
2022-05-02 00:20:31,2020-11-26 07:24:17,147,0.0
2022-05-02 00:20:37,2020-09-01 04:14:06,60,0.0
2022-05-02 00:20:42,2010-04-30 00:06:11,421,0.0
2022-05-02 00:20:51,2012-02-05 21:33:03,411,0.0
2022-05-02 00:20:56,2016-04-01 02:13:49,135,0.4939
2022-05-02 00:20:56,2015-12-22 20:02:30,57,0.0772
2022-05-02 00:21:01,2011-10-31 08:18:13,120,0.5868
2022-05-02 00:21:01,2020-09-26 03:36:04,58,0.0
2022-05-02 00:21:06,2015-05-16 23:28:27,491,0.1531
2022-05-02 00:21:07,2015-07-02 20:59:38,71,0.3321
2022-05-02 00:21:11,2022-01-11 23:38:30,644,0.0
2022-05-02 00:21:13,2019-07-16 10:05:03,17,0.6249
2022-05-02 00:21:15,2021-07-17 22:01:43,25,0.6249
2022-05-02 00:21:23,2021-03-09 07:44:48,6,0.0
2022-05-02 00:21:25,2021-01-07 04:48:38,309,0.3182
2022-05-02 00:21:29,2021-04-25 14:50:44,116,0.3818
2022-05-02 00:21:35,2018-10-28 05:44:30,80,0.0
2022-05-02 00:21:38,2014-08-20 19:22:41,72,-0.8442
2022-05-02 00:21:38,2015-06-12 21:02:44,17,-0.4939
2022-05-02 00:21:41,2017-10-21 22:34:28,65,0.0
2022-05-02 00:21:45,2017-04-03 02:12:14,387,-0.4782
2022-05-02 00:21:44,2014-08-25 06:10:35,128,0.0
2022-05-02 00:21:45,2018-01-15 14:47:14,89,0.0
2022-05-02 00:21:45,2021-10-29 01:51:58,29,0.4588
2022-05-02 00:21:46,2017-11-20 02:45:05,15,0.0
2022-05-02 00:21:50,2017-04-29 22:23:13,9,0.3612
2022-05-02 00:21:53,2014-08-25 06:10:35,128,0.0
2022-05-02 00:22:03,2016-03-15 17:47:02,227,0.4588
2022-05-02 00:22:12,2021-06-22 12:26:29,1182,0.0
2022-05-02 00:22:15,2013-08-28 00:59:21,280,0.4939
2022-05-02 00:22:24,2017-01-29 18:39:50,61,0.0
2022-05-02 00:22:25,2021-02-07 04:49:10,377,0.0
2022-05-02 00:22:29,2020-12-23 22:50:42,2156,-0.2263
2022-05-02 00:22:32,2021-04-21 19:11:44,100,0.0772
2022-05-02 00:22:37,2022-01-06 20:18:36,12,0.0
2022-05-02 00:22:38,2017-08-27 19:02:42,313,0.3612
2022-05-02 00:22:43,2020-09-01 04:14:06,60,0.0
2022-05-02 00:22:42,2012-08-31 22:36:03,24,0.0
2022-05-02 00:22:42,2009-04-28 12:02:30,590,-0.4939
2022-05-02 00:22:54,2021-06-22 12:26:29,1182,0.6597
2022-05-02 00:22:54,2018-12-01 19:49:34,425,0.1779
2022-05-02 00:22:55,2009-05-29 05:06:14,1452,0.0772
2022-05-02 00:22:56,2018-11-24 17:19:19,105,0.0
2022-05-02 00:22:57,2020-06-19 01:00:39,538,0.0
2022-05-02 00:23:10,2020-05-01 02:43:36,84,0.4404
2022-05-02 00:23:26,2021-05-31 21:20:45,12,0.0
2022-05-02 00:23:27,2016-01-26 21:54:54,78,0.0
2022-05-02 00:23:29,2014-05-11 01:28:41,36,0.0
2022-05-02 00:23:33,2022-03-21 06:37:20,48,0.4588
2022-05-02 00:23:38,2008-10-31 16:11:18,2457,0.4767
2022-05-02 00:23:38,2017-02-15 22:24:32,15,0.0
2022-05-02 00:23:39,2012-07-11 01:03:03,296,0.0
2022-05-02 00:23:41,2019-06-16 21:25:00,228,0.4939
2022-05-02 00:23:44,2021-12-26 07:17:59,0,0.0
2022-05-02 00:23:50,2019-07-25 22:19:30,343,0.0
2022-05-02 00:23:54,2017-03-06 23:00:10,157,0.0772
2022-05-02 00:23:57,2021-01-24 21:52:03,280,0.0
2022-05-02 00:23:58,2016-02-26 01:05:43,467,0.0
2022-05-02 00:24:01,2017-03-06 23:00:10,157,0.4588
2022-05-02 00:24:10,2019-10-27 02:02:17,367,0.4939
2022-05-02 00:24:21,2021-10-24 09:39:44,18,0.0772
2022-05-02 00:24:20,2015-08-13 17:04:59,47,0.0
2022-05-02 00:24:22,2019-05-26 04:39:50,471,0.0
2022-05-02 00:24:32,2021-06-13 21:36:33,274,0.4939
2022-05-02 00:24:34,2018-09-15 04:09:07,337,0.1779
2022-05-02 00:24:35,2021-12-05 01:44:43,38,0.3818
2022-05-02 00:24:42,2020-04-08 11:28:36,46,0.0
2022-05-02 00:24:47,2015-09-26 19:51:20,117,0.4939
2022-05-02 00:24:47,2012-06-05 22:39:43,2789,0.0
2022-05-02 00:24:55,2017-05-16 19:26:11,187,0.6249
2022-05-02 00:24:59,2018-05-07 17:02:38,2571,-0.4939
2022-05-02 00:25:00,2017-08-02 14:32:05,201,0.7269
2022-05-02 00:25:02,2022-04-20 14:19:05,0,0.4939
2022-05-02 00:25:04,2022-03-03 23:10:42,11,0.0
2022-05-02 00:25:13,2020-03-06 23:23:41,279,0.0
2022-05-02 00:25:36,2016-10-26 18:06:37,536,0.0
2022-05-02 00:25:37,2020-05-03 08:02:28,39,0.8519
2022-05-02 00:25:40,2014-06-28 13:45:19,348,0.4939
2022-05-02 00:25:44,2018-07-09 20:10:02,59,0.0
2022-05-02 00:25:48,2021-04-28 05:10:04,451,0.0
2022-05-02 00:25:51,2019-12-09 06:57:54,19,0.0
2022-05-02 00:25:52,2021-01-14 00:07:44,597,0.6249
2022-05-02 00:25:55,2014-06-21 22:27:31,139,0.1779
2022-05-02 00:25:58,2021-10-31 04:54:22,48,0.0
2022-05-02 00:26:07,2021-10-04 06:39:25,5,0.0
2022-05-02 00:26:08,2019-09-01 02:18:01,37,0.0
2022-05-02 00:26:25,2022-02-22 09:01:41,8,0.0
2022-05-02 00:26:25,2015-01-13 16:28:15,1386,0.7761
2022-05-02 00:26:27,2017-07-12 23:23:08,336,0.0
2022-05-02 00:26:32,2017-06-05 00:56:19,426,0.0
2022-05-02 00:26:39,2021-06-04 06:37:15,57,0.6249
2022-05-02 00:26:42,2015-11-14 14:18:17,14,0.0
2022-05-02 00:26:50,2017-06-05 00:56:19,426,0.0
2022-05-02 00:26:55,2015-01-25 01:11:09,786,-0.796
2022-05-02 00:27:03,2015-11-15 02:41:56,103,0.6249
2022-05-02 00:27:08,2020-09-16 19:23:21,145,0.0
2022-05-02 00:27:17,2015-06-30 20:43:37,112,0.0
2022-05-02 00:27:18,2017-03-20 00:46:59,59,0.0
2022-05-02 00:27:28,2020-09-29 20:08:47,78,0.0
2022-05-02 00:27:31,2019-11-22 19:53:08,47,0.6249
2022-05-02 00:27:32,2016-04-04 17:28:56,48,0.4588
2022-05-02 00:27:42,2021-07-09 14:48:07,684,0.0
2022-05-02 00:27:44,2014-12-21 19:58:36,19,-0.4939
2022-05-02 00:27:48,2017-01-13 03:55:46,589,0.7783
2022-05-02 00:27:52,2021-02-23 15:19:07,105,0.7964
2022-05-02 00:27:55,2021-12-15 05:41:33,33,0.0
2022-05-02 00:27:56,2019-07-01 15:21:32,687,0.4939
2022-05-02 00:27:59,2022-03-17 21:03:03,623,0.0
2022-05-02 00:28:09,2021-07-08 15:22:51,42,0.0
2022-05-02 00:28:09,2010-11-18 19:14:12,1637,0.3612
2022-05-02 00:28:15,2020-09-23 21:34:21,323,0.0
2022-05-02 00:28:18,2014-11-26 19:48:14,101,0.0
2022-05-02 00:28:19,2012-07-24 20:08:14,737,0.0772
2022-05-02 00:28:20,2021-07-08 15:22:51,42,0.0
2022-05-02 00:28:20,2020-11-21 16:14:46,66,0.0
2022-05-02 00:28:21,2017-06-08 11:18:06,6,0.0
2022-05-02 00:28:22,2015-05-08 02:39:51,143,0.0
2022-05-02 00:28:29,2015-07-16 03:26:55,134,0.4939
2022-05-02 00:28:30,2021-08-16 17:53:27,50,0.0
2022-05-02 00:28:30,2022-04-14 20:01:23,88,0.0
2022-05-02 00:28:30,2015-09-10 21:34:50,53,0.4939
2022-05-02 00:28:33,2018-03-07 00:01:30,96,0.4588
2022-05-02 00:28:34,2015-01-07 14:37:35,371,0.4939
2022-05-02 00:28:39,2022-04-03 14:38:33,15,0.0
2022-05-02 00:28:42,2012-07-24 20:08:14,737,0.4215
2022-05-02 00:28:49,2021-04-27 21:05:52,94,0.1779
2022-05-02 00:28:53,2020-12-16 01:12:03,116,0.0
2022-05-02 00:29:01,2011-03-05 21:37:46,1615,0.6597
2022-05-02 00:29:12,2011-06-25 08:49:41,136,0.0
2022-05-02 00:29:31,2020-12-30 10:39:19,242,0.0
2022-05-02 00:29:32,2019-02-21 02:59:48,396,0.0
2022-05-02 00:29:53,2018-06-02 17:37:47,1144,0.0
2022-05-02 00:29:53,2020-11-28 15:53:25,50,0.7958
2022-05-02 00:30:04,2021-10-29 01:51:58,29,0.0772
2022-05-02 00:30:05,2022-01-27 17:32:21,1,0.3321
2022-05-02 00:30:06,2020-04-08 22:48:05,364,0.1531
2022-05-02 00:30:12,2019-06-18 04:51:06,79,0.1779
2022-05-02 00:30:12,2021-06-13 19:33:52,11,0.7906
2022-05-02 00:30:13,2021-11-21 00:28:48,89,0.6249
2022-05-02 00:30:16,2022-03-13 19:40:32,2,0.0
2022-05-02 00:30:21,2022-02-13 20:40:05,15,0.4588
2022-05-02 00:30:30,2020-10-20 17:11:27,282,0.0
2022-05-02 00:30:33,2019-05-26 02:52:49,27,0.4939
2022-05-02 00:30:34,2016-06-09 21:56:53,20,0.4939
2022-05-02 00:30:48,2017-08-27 18:15:38,139,0.0
2022-05-02 00:30:49,2010-05-17 20:51:09,701,0.0
2022-05-02 00:30:56,2016-06-22 11:21:30,54,0.6369
2022-05-02 00:31:00,2021-02-19 07:52:13,0,0.0
2022-05-02 00:31:17,2016-06-12 18:01:22,134,0.0
2022-05-02 00:31:18,2019-12-25 07:18:11,34,0.0
2022-05-02 00:31:21,2022-01-23 01:38:54,3,0.0
2022-05-02 00:31:27,2020-12-29 04:29:34,3,0.0
2022-05-02 00:31:30,2021-04-25 20:03:40,60,0.0
2022-05-02 00:31:33,2022-04-02 17:23:12,38,0.0
2022-05-02 00:31:33,2017-04-07 07:58:49,37,0.4939
2022-05-02 00:31:34,2019-07-29 16:30:33,2663,0.0
2022-05-02 00:31:41,2021-08-14 05:37:12,272,0.0
2022-05-02 00:31:43,2021-08-14 05:37:12,272,0.0
2022-05-02 00:31:49,2011-06-29 03:28:03,3008,0.0
2022-05-02 00:31:52,2017-12-09 02:37:53,33,0.0
2022-05-02 00:31:55,2021-12-16 00:33:54,222,0.4939
2022-05-02 00:32:01,2020-06-30 17:19:07,10,0.6249
2022-05-02 00:32:04,2018-06-24 21:12:29,163,0.144
2022-05-02 00:32:06,2019-05-01 21:16:24,204,0.0
2022-05-02 00:32:09,2015-05-21 05:41:33,58,0.0
2022-05-02 00:32:13,2018-11-30 01:13:04,97,0.0
2022-05-02 00:32:14,2020-05-25 21:36:01,1064,0.1779
2022-05-02 00:32:15,2022-03-30 03:51:24,6,0.0
2022-05-02 00:32:26,2018-06-24 21:12:29,163,0.144
2022-05-02 00:32:26,2017-07-03 22:11:55,512,0.6666
2022-05-02 00:32:30,2007-08-08 20:25:21,340,0.0
2022-05-02 00:32:30,2020-09-10 22:07:42,37,0.1779
2022-05-02 00:32:31,2015-10-08 17:50:25,164,0.0
2022-05-02 00:32:34,2021-04-03 00:34:38,12,0.0
2022-05-02 00:32:50,2015-12-26 21:12:15,1241,0.3818
2022-05-02 00:32:56,2011-05-15 00:20:38,454,0.0
2022-05-02 00:33:14,2016-09-19 00:43:03,374,0.0772
2022-05-02 00:33:15,2018-09-22 05:29:08,201,0.0
2022-05-02 00:33:21,2018-05-17 12:35:54,17,0.0
2022-05-02 00:33:23,2018-07-09 03:51:19,208,0.2755
2022-05-02 00:33:28,2021-08-15 22:40:29,95,0.0
2022-05-02 00:33:36,2021-03-31 01:11:05,19,-0.4449
2022-05-02 00:33:39,2012-07-01 15:45:19,883,0.0
2022-05-02 00:33:44,2017-12-02 20:39:38,153,0.0
2022-05-02 00:33:49,2012-08-07 14:54:19,701,0.0
2022-05-02 00:33:54,2020-10-07 20:09:03,378,0.0
2022-05-02 00:33:55,2018-05-16 16:01:54,5685,0.0
2022-05-02 00:33:55,2019-05-01 21:16:24,204,0.0
2022-05-02 00:33:55,2020-06-20 03:22:25,535,0.3321
2022-05-02 00:34:00,2009-04-05 17:27:31,507,-0.4404
2022-05-02 00:34:02,2021-07-04 00:06:43,31,0.4939
2022-05-02 00:34:05,2021-11-11 22:35:59,32,0.0
2022-05-02 00:34:17,2018-09-11 00:02:00,143,0.0
2022-05-02 00:34:19,2020-10-07 16:29:25,683,0.7579
2022-05-02 00:34:21,2010-05-08 05:16:08,19,0.0
2022-05-02 00:34:24,2020-12-05 00:52:06,443,0.0
2022-05-02 00:34:25,2014-06-19 22:38:43,84,-0.4939
2022-05-02 00:34:26,2015-06-04 04:19:33,276,0.4939
2022-05-02 00:34:29,2021-11-30 01:52:18,49,0.4588
2022-05-02 00:34:32,2015-12-26 21:12:15,1241,0.6908
2022-05-02 00:34:36,2014-05-30 12:25:30,222,0.0
2022-05-02 00:34:40,2015-12-26 21:12:15,1241,-0.0772
2022-05-02 00:34:43,2016-01-01 13:14:16,1362,0.5256
2022-05-02 00:34:45,2019-05-14 04:08:59,448,-0.4939
2022-05-02 00:34:48,2017-09-16 21:56:29,350,0.0
2022-05-02 00:34:51,2018-12-07 22:36:56,13,0.4588
2022-05-02 00:34:52,2015-02-21 08:26:55,241,0.0772
2022-05-02 00:34:56,2018-03-22 10:02:06,19,0.1779
2022-05-02 00:35:07,2019-05-28 15:35:58,32,-0.4939
2022-05-02 00:35:12,2016-11-29 05:24:15,76,0.0
2022-05-02 00:35:19,2022-05-02 00:16:36,0,0.0772
2022-05-02 00:35:21,2016-08-21 04:01:39,612,0.0
2022-05-02 00:35:22,2014-01-21 14:44:31,76,0.0
2022-05-02 00:35:28,2015-07-23 21:29:26,217,-0.34
2022-05-02 00:35:28,2019-10-27 00:22:34,58,0.3321
2022-05-02 00:35:31,2021-04-11 03:16:20,6213,0.4939
2022-05-02 00:35:36,2019-06-18 04:51:06,79,0.0
2022-05-02 00:35:36,2022-02-27 16:23:15,145,0.0
2022-05-02 00:35:42,2022-04-09 01:50:55,182,0.0
2022-05-02 00:35:46,2021-11-28 11:22:06,94,0.0772
2022-05-02 00:35:58,2021-03-24 23:51:56,2,0.0
2022-05-02 00:35:59,2018-06-12 23:29:04,7,0.0
2022-05-02 00:36:06,2020-10-16 16:16:24,503,0.0
2022-05-02 00:36:07,2014-05-23 01:52:55,35,0.1779
2022-05-02 00:36:07,2018-09-08 22:25:12,144,0.0
2022-05-02 00:36:10,2017-05-22 16:13:10,107,0.4427
2022-05-02 00:36:12,2011-05-18 00:56:02,523,0.0772
2022-05-02 00:36:14,2015-07-23 21:29:26,217,0.3182
2022-05-02 00:36:15,2014-08-22 03:31:06,46,0.0
2022-05-02 00:36:16,2016-09-08 00:54:54,128,0.0
2022-05-02 00:36:18,2022-01-30 23:52:26,327,0.0
2022-05-02 00:36:20,2020-07-27 00:25:02,254,0.3818
2022-05-02 00:36:22,2017-07-12 23:23:08,336,0.0
2022-05-02 00:36:30,2021-03-18 15:21:07,97,0.4939
2022-05-02 00:36:30,2021-05-01 06:33:15,58,0.0
2022-05-02 00:36:31,2021-03-18 15:21:07,97,0.3321
2022-05-02 00:36:31,2021-03-03 16:38:40,343,0.0
2022-05-02 00:36:33,2021-08-02 22:28:44,141,0.34
2022-05-02 00:36:33,2017-07-24 00:12:51,193,0.0
2022-05-02 00:36:38,2021-09-20 13:22:56,910,0.3612
2022-05-02 00:36:40,2018-11-06 07:23:05,648,0.0772
2022-05-02 00:36:42,2019-04-30 02:15:02,176,0.0
2022-05-02 00:36:43,2021-05-05 12:06:05,206,-0.4404
2022-05-02 00:36:44,2019-04-30 02:15:02,176,0.0
2022-05-02 00:36:50,2017-11-06 03:55:51,287,0.0
2022-05-02 00:36:52,2017-10-23 14:10:40,25,0.1531
2022-05-02 00:36:54,2014-11-30 21:46:05,430,0.0
2022-05-02 00:37:04,2014-11-30 21:46:05,430,0.0
2022-05-02 00:37:08,2020-03-20 23:03:46,22,0.0
2022-05-02 00:37:09,2021-10-12 02:54:33,241,-0.4404
2022-05-02 00:37:11,2021-03-18 15:21:07,97,0.4588
2022-05-02 00:37:14,2010-01-13 21:29:43,215,-0.4939
2022-05-02 00:37:19,2019-06-01 16:26:52,499,-0.1531
2022-05-02 00:37:26,2010-01-11 11:05:41,189,0.0
2022-05-02 00:37:30,2019-10-21 21:09:58,50,-0.8442
2022-05-02 00:37:30,2015-04-30 12:27:41,479,0.0772
2022-05-02 00:37:35,2015-09-04 22:44:55,80,0.0
2022-05-02 00:37:42,2016-01-22 03:50:42,58,-0.4939
2022-05-02 00:37:46,2017-01-11 19:35:45,683,-0.4404
2022-05-02 00:37:48,2016-07-05 06:34:41,314,0.0
2022-05-02 00:37:50,2022-01-24 00:29:07,87,0.0
2022-05-02 00:37:53,2021-10-02 00:07:44,15,0.0
2022-05-02 00:37:53,2022-03-22 00:07:31,27,0.0
2022-05-02 00:37:56,2014-09-06 23:42:06,41,0.0
2022-05-02 00:37:59,2021-07-15 20:44:19,23,0.0
2022-05-02 00:38:01,2019-02-17 11:58:40,44,-0.6808
2022-05-02 00:38:05,2016-11-24 07:10:44,14,-0.5267
2022-05-02 00:38:08,2015-09-26 00:09:12,11025,-0.4939
2022-05-02 00:38:13,2018-11-06 07:23:05,648,0.0
2022-05-02 00:38:20,2021-05-05 12:06:05,206,0.0
2022-05-02 00:38:22,2018-11-06 07:23:05,648,0.7269
2022-05-02 00:38:24,2018-01-17 02:07:36,31,0.0
2022-05-02 00:38:26,2021-10-12 02:54:33,241,0.0
2022-05-02 00:38:33,2014-01-17 07:12:09,203,-0.4939
2022-05-02 00:38:36,2022-04-18 20:39:05,1,0.0772
2022-05-02 00:38:53,2015-06-02 04:07:19,1095,0.1779
2022-05-02 00:39:00,2018-10-01 18:36:13,31,0.0772
2022-05-02 00:39:01,2018-07-08 01:37:16,7,0.0
2022-05-02 00:39:11,2018-07-08 01:37:16,7,0.0
2022-05-02 00:39:11,2017-09-05 06:02:14,410,0.0
2022-05-02 00:39:13,2022-03-22 23:11:07,14,-0.4939
2022-05-02 00:39:22,2021-04-24 05:47:05,735,0.0
2022-05-02 00:39:34,2020-04-16 23:38:03,306,-0.25
2022-05-02 00:39:34,2011-09-26 23:34:49,1642,-0.4939
2022-05-02 00:39:36,2017-12-08 02:17:54,917,0.3321
2022-05-02 00:39:38,2019-09-13 22:32:58,80,0.0
2022-05-02 00:39:53,2016-05-06 20:58:22,86,-0.4939
2022-05-02 00:39:56,2020-06-20 06:46:05,38,0.4588
2022-05-02 00:40:01,2011-09-19 10:31:55,18,-0.6249
2022-05-02 00:40:01,2011-08-01 14:23:31,969,0.0772
2022-05-02 00:40:01,2015-10-20 16:51:07,44,0.0
2022-05-02 00:40:04,2022-03-21 04:06:54,5,0.3612
2022-05-02 00:40:17,2012-10-10 00:24:08,1,0.0
2022-05-02 00:40:17,2014-08-07 03:23:25,141,-0.4939
2022-05-02 00:40:24,2012-08-08 17:51:01,3651,0.3818
2022-05-02 00:40:27,2020-02-24 01:15:36,558,0.4939
2022-05-02 00:40:31,2020-04-25 01:05:53,329,0.0772
2022-05-02 00:40:32,2020-04-01 17:16:50,140,0.0
2022-05-02 00:40:32,2011-09-19 10:31:55,18,-0.6249
2022-05-02 00:40:34,2020-07-22 17:19:38,124,0.0
2022-05-02 00:40:33,2016-03-20 16:15:24,61,0.4019
2022-05-02 00:40:37,2022-02-28 23:12:24,4,0.0
2022-05-02 00:40:49,2015-08-25 20:22:05,153,0.0
2022-05-02 00:40:51,2015-08-25 20:22:05,153,0.0
2022-05-02 00:40:55,2022-03-17 18:22:05,18,0.5984
2022-05-02 00:40:57,2020-02-24 01:15:36,558,0.0
2022-05-02 00:41:03,2022-03-28 22:39:48,206,0.0
2022-05-02 00:41:05,2020-03-11 22:58:05,60,0.0
2022-05-02 00:41:12,2018-08-05 04:34:40,39,-0.4939
2022-05-02 00:41:16,2012-07-01 15:45:19,883,0.3321
2022-05-02 00:41:15,2021-01-07 19:18:49,11,0.0
2022-05-02 00:41:16,2020-11-04 19:06:14,358,0.4939
2022-05-02 00:41:16,2018-04-26 23:13:46,406,0.6249
2022-05-02 00:41:19,2014-04-07 00:59:01,165,0.0
2022-05-02 00:41:20,2018-03-04 19:35:29,956,0.4939
2022-05-02 00:41:22,2016-06-10 17:48:01,147,0.6705
2022-05-02 00:41:24,2019-08-30 04:51:32,388,-0.4404
2022-05-02 00:41:26,2017-01-08 01:41:26,569,-0.4939
2022-05-02 00:41:35,2019-05-04 05:57:07,118,0.2846
2022-05-02 00:41:40,2019-07-12 19:59:02,167,0.4767
2022-05-02 00:41:40,2017-05-06 02:44:49,57,-0.4939
2022-05-02 00:41:42,2009-11-17 21:42:40,138,-0.8283
2022-05-02 00:41:43,2018-07-13 03:39:47,782,0.0
2022-05-02 00:41:50,2022-04-02 16:37:56,77,0.0516
2022-05-02 00:41:51,2016-08-04 14:19:45,503,0.0
2022-05-02 00:41:58,2019-11-17 03:13:47,19,0.1779
2022-05-02 00:42:02,2021-09-27 00:39:27,37,0.1779
2022-05-02 00:42:02,2017-07-22 06:00:15,13,0.0
2022-05-02 00:42:04,2013-02-27 10:57:30,480,-0.4404
2022-05-02 00:42:14,2021-07-25 08:02:24,63,0.0
2022-05-02 00:42:24,2020-12-10 04:13:44,230,-0.4939
2022-05-02 00:42:24,2017-05-16 09:01:07,480,0.0
2022-05-02 00:42:27,2009-06-27 05:06:40,754,0.0
2022-05-02 00:42:32,2018-11-20 00:42:29,1839,0.0
2022-05-02 00:42:36,2020-07-17 20:07:46,482,0.0772
2022-05-02 00:42:36,2020-07-04 22:54:58,215,-0.3818
2022-05-02 00:42:40,2016-01-18 06:49:22,85,0.0
2022-05-02 00:42:42,2017-07-12 18:39:13,526,0.0
2022-05-02 00:42:48,2017-11-26 21:35:58,1131,0.0
2022-05-02 00:42:49,2019-12-31 16:37:08,115,0.3321
2022-05-02 00:42:54,2009-04-18 18:22:28,58,0.0
2022-05-02 00:42:53,2018-03-22 10:02:06,19,0.0
2022-05-02 00:42:56,2018-10-30 22:13:28,288,0.0
2022-05-02 00:42:56,2018-10-13 19:25:00,386,-0.34
2022-05-02 00:42:57,2018-11-15 05:04:23,730,0.0
2022-05-02 00:42:59,2012-04-04 00:13:12,807,0.0516
2022-05-02 00:43:01,2021-08-10 20:26:30,7,0.4215
2022-05-02 00:43:05,2019-09-10 01:49:12,56,0.6249
2022-05-02 00:43:13,2016-12-26 21:08:09,88,0.0
2022-05-02 00:43:14,2022-01-28 18:47:32,3231,0.0772
2022-05-02 00:43:23,2017-07-03 03:57:36,28,0.0
2022-05-02 00:43:27,2022-01-05 06:54:22,73,0.0
2022-05-02 00:43:33,2011-07-17 03:48:14,589,0.0
2022-05-02 00:43:48,2016-10-19 01:55:51,759,0.0
2022-05-02 00:43:55,2020-04-06 19:07:14,89,0.0
2022-05-02 00:43:57,2021-11-11 23:42:11,104,0.4588
2022-05-02 00:43:57,2019-05-04 05:57:07,118,-0.0059
2022-05-02 00:44:02,2020-04-06 19:07:14,89,0.0
2022-05-02 00:44:02,2020-01-13 23:01:45,329,0.7609
2022-05-02 00:44:04,2021-06-23 03:12:05,402,0.0772
2022-05-02 00:44:17,2014-01-13 01:23:39,288,-0.4939
2022-05-02 00:44:17,2020-04-14 05:44:24,340,0.0
2022-05-02 00:44:19,2021-02-11 22:28:12,1769,0.34
2022-05-02 00:44:21,2017-07-28 17:25:13,45,0.0
2022-05-02 00:44:27,2021-11-11 08:36:25,39,0.9062
2022-05-02 00:44:29,2013-07-06 02:56:06,2840,0.0
2022-05-02 00:44:29,2020-08-13 19:26:30,37,0.0
2022-05-02 00:44:30,2018-07-24 01:35:01,1194,0.0
2022-05-02 00:44:40,2018-02-02 01:03:12,41,0.5859
2022-05-02 00:44:45,2022-02-25 21:51:01,52,0.0
2022-05-02 00:45:02,2022-04-24 02:17:29,6,0.0
2022-05-02 00:45:05,2018-11-06 07:23:05,648,0.0
2022-05-02 00:45:08,2009-11-17 21:42:40,138,0.0
2022-05-02 01:30:30,2019-11-10 03:17:09,67,0.0
2022-05-02 01:30:35,2013-04-07 02:40:42,205,0.0
2022-05-02 01:30:41,2019-10-12 00:03:28,21,0.0
2022-05-02 01:30:43,2019-06-20 03:35:40,1664,0.4588
2022-05-02 01:30:44,2019-06-11 07:58:01,2012,0.6249
2022-05-02 01:30:48,2016-10-09 02:24:21,265,0.0
2022-05-02 01:30:54,2017-04-17 22:16:57,129,-0.4939
2022-05-02 01:30:54,2020-11-03 16:50:55,7,0.0
2022-05-02 01:30:58,2020-11-03 16:50:55,7,0.0
2022-05-02 01:31:01,2011-05-13 04:57:23,1441,0.0
2022-05-02 01:31:06,2019-04-22 16:49:08,46,0.0
2022-05-02 01:31:22,2012-12-30 04:53:18,333,0.4939
2022-05-02 01:31:21,2020-08-10 22:25:18,94,0.0
2022-05-02 01:31:38,2016-03-11 16:57:16,44,0.6705
2022-05-02 01:31:40,2018-11-28 08:01:58,117,0.7184
2022-05-02 01:31:41,2021-02-23 12:16:17,2870,0.4939
2022-05-02 01:31:45,2020-08-12 22:42:44,544,0.0
2022-05-02 01:31:48,2020-08-12 22:42:44,544,0.0
2022-05-02 01:31:53,2021-09-11 01:05:52,245,0.0
2022-05-02 01:31:59,2020-12-18 20:54:33,6580,0.0
2022-05-02 01:31:59,2020-02-27 20:41:11,2454,0.6249
2022-05-02 01:32:01,2020-11-03 16:50:55,7,-0.4404
2022-05-02 01:32:02,2014-11-11 15:11:21,217,0.0
2022-05-02 01:32:04,2012-12-22 00:11:27,1237,0.1779
2022-05-02 01:32:08,2021-01-02 04:53:43,129,0.4939
2022-05-02 01:32:09,2017-08-17 17:56:47,71,0.6249
2022-05-02 01:32:11,2019-01-20 15:43:19,13,-0.4939
2022-05-02 01:32:14,2014-08-21 08:06:59,57,0.0
2022-05-02 01:32:16,2015-08-10 01:23:10,163,0.4588
2022-05-02 01:32:20,2020-05-16 00:49:42,48,0.4588
2022-05-02 01:32:20,2020-02-27 20:41:11,2454,0.5486
2022-05-02 01:32:21,2020-11-18 01:48:10,80,0.0
2022-05-02 01:32:35,2015-05-12 20:06:16,834,0.0
2022-05-02 01:32:45,2010-06-20 21:29:02,374,0.3321
2022-05-02 01:32:47,2018-05-06 06:27:34,266,-0.4939
2022-05-02 01:32:48,2017-11-23 04:12:29,234,0.0
2022-05-02 01:32:48,2021-12-28 03:14:24,178,0.3321
2022-05-02 01:32:52,2011-04-03 17:14:44,318,-0.4939
2022-05-02 01:32:59,2018-10-12 02:36:59,29,0.3321
2022-05-02 01:33:07,2021-12-26 10:43:21,109,0.6249
2022-05-02 01:33:09,2021-12-17 05:27:05,11,0.0
2022-05-02 01:33:11,2021-01-23 15:38:10,667,0.0
2022-05-02 01:33:15,2022-03-12 18:51:16,11,0.0
2022-05-02 01:33:22,2021-01-27 01:15:33,22,0.0
2022-05-02 01:33:23,2014-09-24 23:31:09,53,0.0772
2022-05-02 01:33:27,2020-12-12 03:44:58,4923,-0.4404
2022-05-02 01:33:29,2012-06-22 13:29:44,157,-0.4939
2022-05-02 01:33:36,2011-09-15 00:38:19,18,0.1779
2022-05-02 01:33:41,2022-03-12 18:51:16,11,-0.128
2022-05-02 01:33:45,2020-12-12 03:44:58,4923,0.0
2022-05-02 01:33:56,2017-11-14 15:08:33,504,0.0
2022-05-02 01:33:57,2017-02-17 18:40:56,456,0.0
2022-05-02 01:33:59,2022-03-20 23:02:18,6,0.0772
2022-05-02 01:34:04,2017-11-14 15:08:33,504,0.0
2022-05-02 01:34:12,2021-09-16 21:59:46,423,0.0
2022-05-02 01:34:19,2021-12-17 07:34:20,95,0.0
2022-05-02 01:34:28,2019-03-24 04:51:19,17,0.4939
2022-05-02 01:34:53,2015-09-19 05:49:27,958,0.0
2022-05-02 01:34:53,2017-02-22 15:29:35,8,-0.3291
2022-05-02 01:34:55,2022-01-12 16:37:23,871,0.0
2022-05-02 01:35:05,2021-04-12 03:33:35,25,0.0
2022-05-02 01:35:07,2020-01-29 22:12:43,385,0.4588
2022-05-02 01:35:10,2016-12-28 07:41:26,394,0.0
2022-05-02 01:35:10,2022-03-23 15:24:31,1,0.0
2022-05-02 01:35:12,2016-12-28 07:41:26,394,0.0
2022-05-02 01:35:17,2015-09-19 05:49:27,958,0.0
2022-05-02 01:35:18,2015-07-14 21:01:57,32,0.6249
2022-05-02 01:35:19,2018-02-26 12:13:13,160,0.6249
2022-05-02 01:35:22,2021-05-24 23:26:11,145,0.0
2022-05-02 01:35:23,2021-09-27 14:54:54,151,0.0
2022-05-02 01:35:23,2020-10-14 01:38:45,41,0.3612
2022-05-02 01:35:25,2020-09-03 21:12:00,38,-0.4404
2022-05-02 01:35:31,2021-08-14 08:28:30,271,-0.4939
2022-05-02 01:35:32,2019-03-22 23:07:51,86,0.0
2022-05-02 01:35:35,2019-11-10 03:17:09,67,0.0
2022-05-02 01:35:36,2016-04-08 03:55:31,838,0.6369
2022-05-02 01:35:38,2013-11-11 22:58:51,420,0.0
2022-05-02 01:35:37,2021-09-12 22:56:28,53,0.6249
2022-05-02 01:35:39,2021-10-02 00:44:23,365,0.2023
2022-05-02 01:35:40,2018-05-06 06:27:34,266,-0.4939
2022-05-02 01:35:41,2020-06-16 03:04:30,2,-0.2135
2022-05-02 01:35:47,2018-12-22 21:28:44,193,0.4939
2022-05-02 01:35:47,2019-03-01 22:36:29,198,0.0
2022-05-02 01:35:48,2019-03-01 22:36:29,198,0.0
2022-05-02 01:35:51,2020-10-14 01:38:45,41,0.296
2022-05-02 01:35:52,2022-04-11 06:06:40,19,0.0
2022-05-02 01:35:52,2020-10-19 03:12:32,224,0.3612
2022-05-02 01:35:53,2021-12-27 00:23:04,57,0.4939
2022-05-02 01:35:54,2021-02-16 23:50:14,975,0.0
2022-05-02 01:35:56,2019-07-04 10:59:48,103,0.6369
2022-05-02 01:36:03,2021-10-27 18:09:27,86,0.0
2022-05-02 01:36:09,2020-10-19 03:12:32,224,-0.4767
2022-05-02 01:36:15,2020-10-14 01:38:45,41,0.6369
2022-05-02 01:36:17,2013-12-23 19:23:45,134,0.0
2022-05-02 01:36:18,2020-04-25 17:22:22,81,0.6249
2022-05-02 01:36:27,2020-11-11 21:31:28,38,0.0
2022-05-02 01:36:25,2020-08-13 20:56:29,483,0.0772
2022-05-02 01:36:30,2016-03-12 20:50:55,7,0.0
2022-05-02 01:36:38,2009-05-24 21:57:46,111,-0.2023
2022-05-02 01:36:41,2020-05-04 19:10:05,352,0.0
2022-05-02 01:36:45,2017-05-15 23:44:08,31,0.0
2022-05-02 01:36:59,2021-12-11 00:31:33,1,0.0
2022-05-02 01:37:02,2020-06-06 11:25:08,42,0.0
2022-05-02 01:37:09,2016-07-15 19:44:50,249,0.0
2022-05-02 01:37:09,2016-09-11 20:24:30,235,0.0
2022-05-02 01:37:10,2016-09-01 21:22:46,73,0.4939
2022-05-02 01:37:12,2008-04-28 23:43:20,217,0.0
2022-05-02 01:37:15,2020-03-25 04:14:15,46,0.0
2022-05-02 01:37:23,2016-02-20 16:41:07,419,0.4939
2022-05-02 01:37:24,2015-10-02 23:54:16,80,0.4939
2022-05-02 01:37:28,2016-03-12 15:14:16,163,-0.4939
2022-05-02 01:37:31,2020-10-24 03:31:12,24,-0.4939
2022-05-02 01:37:32,2016-05-09 17:00:40,24,0.0
2022-05-02 01:37:35,2019-05-06 04:01:35,1240,0.0
2022-05-02 01:37:52,2016-02-20 16:41:07,419,0.7184
2022-05-02 01:37:51,2020-04-25 17:22:22,81,0.0
2022-05-02 01:37:52,2019-09-11 00:06:58,180,0.4939
2022-05-02 01:37:55,2019-04-02 19:12:10,487,0.0
2022-05-02 01:38:00,2018-09-23 20:25:39,405,0.0
2022-05-02 01:37:59,2012-11-29 21:10:58,704,0.0
2022-05-02 01:38:02,2017-06-04 00:43:58,65,-0.5994
2022-05-02 01:38:10,2018-03-19 06:00:17,50,0.3321
2022-05-02 01:38:12,2020-10-21 14:16:33,66,0.3182
2022-05-02 01:38:12,2018-12-02 23:04:51,878,0.6249
2022-05-02 01:38:16,2017-03-27 11:05:13,636,0.3446
2022-05-02 01:38:24,2018-09-30 20:10:05,804,-0.4939
2022-05-02 01:38:25,2020-12-11 21:11:45,6,0.0
2022-05-02 01:38:32,2020-04-25 17:22:22,81,0.3321
2022-05-02 01:38:35,2016-04-09 22:55:26,112,-0.4939
2022-05-02 01:38:37,2022-04-28 22:52:22,33,0.5598
2022-05-02 01:38:40,2021-08-21 23:42:14,22,0.0772
2022-05-02 01:38:42,2019-04-19 09:27:10,6228,-0.4973
2022-05-02 01:38:43,2014-12-08 01:09:43,19,0.1779
2022-05-02 01:38:43,2015-12-06 20:44:21,2213,-0.5927
2022-05-02 01:38:50,2020-01-08 20:17:09,119,0.0
2022-05-02 01:38:51,2018-09-23 22:02:16,633,0.4939
2022-05-02 01:38:52,2019-10-24 02:49:28,36,0.0
2022-05-02 01:38:54,2019-10-24 02:49:28,36,0.0
2022-05-02 01:38:58,2018-12-02 23:04:51,878,-0.0258
2022-05-02 01:39:05,2016-10-21 02:55:34,172,-0.4939
2022-05-02 01:39:06,2015-11-25 16:39:32,117,-0.4939
2022-05-02 01:39:06,2020-10-21 14:16:33,66,0.3626
2022-05-02 01:39:10,2019-08-29 16:57:33,342,0.0
2022-05-02 01:39:11,2020-08-29 21:24:07,663,0.0
2022-05-02 01:39:14,2020-11-27 04:35:32,19,0.0
2022-05-02 01:39:15,2018-02-28 06:43:22,245,-0.5859
2022-05-02 01:39:24,2019-09-09 01:04:22,541,0.0
2022-05-02 01:39:25,2021-02-21 21:58:25,2,0.0772
2022-05-02 01:39:24,2018-12-17 05:29:58,261,0.0772
2022-05-02 01:39:29,2018-10-29 13:11:03,158,0.0
2022-05-02 01:39:32,2019-03-24 21:02:41,196,0.3182
2022-05-02 01:39:40,2020-10-21 14:16:33,66,0.4939
2022-05-02 01:39:40,2019-09-09 01:04:22,541,0.0
2022-05-02 01:39:49,2017-10-25 23:13:52,303,0.0
2022-05-02 01:39:54,2017-10-25 23:13:52,303,0.0
2022-05-02 01:39:55,2018-02-08 21:32:09,496,0.8916
2022-05-02 01:40:00,2013-11-20 11:17:15,118928,0.0772
2022-05-02 01:40:01,2018-11-28 08:01:58,117,0.6249
2022-05-02 01:40:03,2018-04-30 02:43:15,818,0.0
2022-05-02 01:40:08,2022-02-09 13:37:39,148,0.0
2022-05-02 01:40:08,2019-08-05 20:52:30,45,0.128
2022-05-02 01:40:11,2022-04-08 02:06:16,19,0.0
2022-05-02 01:40:11,2021-03-21 13:13:08,24,0.0
2022-05-02 01:40:13,2018-11-21 05:14:06,525,0.3321
2022-05-02 01:40:17,2014-04-07 10:11:04,95,0.0
2022-05-02 01:40:17,2022-01-05 20:44:15,7,0.0
2022-05-02 01:40:18,2016-04-08 21:37:32,390,0.4019
2022-05-02 01:40:21,2020-11-09 07:30:05,17,0.0
2022-05-02 01:40:30,2021-06-03 07:33:21,68,0.0
2022-05-02 01:40:43,2021-05-17 03:45:36,5,0.0
2022-05-02 01:40:53,2009-03-29 08:25:48,100,-0.4939
2022-05-02 01:40:54,2013-12-13 02:44:20,65,0.0
2022-05-02 01:40:54,2020-05-08 23:42:05,3904,0.0772
2022-05-02 01:41:00,2021-07-31 16:49:42,3,-0.4019
2022-05-02 01:41:06,2020-08-11 14:45:10,361,0.5267
2022-05-02 01:41:06,2014-07-29 17:35:45,535,-0.5991
2022-05-02 01:41:16,2021-06-05 19:03:49,16,0.0
2022-05-02 01:41:16,2009-04-02 23:53:37,99,-0.4939
2022-05-02 01:41:27,2015-03-16 01:35:36,500,0.0
2022-05-02 01:41:28,2021-02-24 13:30:24,57,0.3321
2022-05-02 01:41:41,2018-03-16 01:18:31,210,0.1779
2022-05-02 01:41:46,2021-01-04 08:45:36,19,0.0
2022-05-02 01:41:49,2020-12-05 04:11:58,130,-0.7184
2022-05-02 01:41:49,2018-05-19 03:17:37,160,0.4588
2022-05-02 01:42:01,2018-06-14 02:00:16,19,0.0
2022-05-02 01:41:56,2019-06-01 15:06:56,143,0.0
2022-05-02 01:42:00,2014-08-23 18:24:53,179,0.4588
2022-05-02 01:42:45,2020-03-29 01:31:57,60,0.0772
2022-05-02 01:42:46,2021-03-19 00:16:06,106,-0.34
2022-05-02 01:42:49,2021-06-04 18:34:04,80,0.0
2022-05-02 01:43:03,2020-03-29 01:31:57,60,0.3612
2022-05-02 01:43:05,2018-10-17 03:28:17,294,0.0
2022-05-02 01:42:04,2014-09-24 23:31:09,53,0.1531
2022-05-02 01:42:44,2020-08-04 05:48:30,205,0.4939
2022-05-02 01:42:45,2018-11-26 00:28:24,22,-0.4939
2022-05-02 01:42:43,2018-05-22 21:44:43,49,0.7783
2022-05-02 01:42:44,2016-08-23 20:09:02,140,0.0
2022-05-02 01:42:37,2019-03-24 14:52:52,606,0.0
2022-05-02 01:42:38,2011-04-30 05:01:23,203,0.7579
2022-05-02 01:42:21,2016-07-31 20:54:51,47,0.3321
2022-05-02 01:42:05,2020-04-03 07:11:10,12,0.9281
2022-05-02 01:42:06,2015-03-28 21:38:11,525,0.0
2022-05-02 01:42:01,2018-08-15 13:50:49,84,0.0
2022-05-02 01:42:31,2019-10-12 00:03:28,21,0.0
2022-05-02 01:42:08,2019-08-29 16:57:33,342,0.0
2022-05-02 01:43:07,2014-02-26 16:51:41,1582,-0.0258
2022-05-02 01:42:22,2021-02-24 13:30:24,57,0.6249
2022-05-02 01:42:38,2013-07-30 19:35:17,147,-0.1531
2022-05-02 01:42:35,2020-01-09 21:37:12,32,0.0
2022-05-02 01:43:10,2014-02-26 16:51:41,1582,0.6249
2022-05-02 01:43:10,2020-08-24 18:32:04,63,0.0772
2022-05-02 01:43:11,2021-11-01 02:34:39,226,0.0
2022-05-02 01:43:12,2022-01-28 18:47:32,3231,0.0772
2022-05-02 01:43:16,2017-02-02 02:57:39,3563,0.0772
2022-05-02 01:43:25,2013-10-27 21:55:51,251,0.1779
2022-05-02 01:43:29,2018-06-10 06:10:55,38,-0.4404
2022-05-02 01:43:44,2021-11-25 05:40:19,48,0.0
2022-05-02 01:43:48,2020-09-24 23:55:30,200,0.0
2022-05-02 01:43:55,2022-01-31 14:28:00,2,0.3321
2022-05-02 01:43:58,2019-10-20 17:52:24,80,0.0
2022-05-02 01:44:08,2016-10-29 22:17:04,86,0.0
2022-05-02 01:44:15,2022-04-24 21:56:52,49,0.4939
2022-05-02 01:44:21,2018-12-04 04:08:17,77,-0.4939
2022-05-02 01:44:23,2017-05-16 12:36:20,165,0.0
2022-05-02 01:44:28,2019-01-08 20:26:19,306,0.0
2022-05-02 01:44:35,2020-12-03 18:43:53,98,0.0
2022-05-02 01:44:42,2016-11-28 22:34:54,177,0.0
2022-05-02 01:44:47,2009-05-03 19:31:53,149,0.8271
2022-05-02 01:44:51,2021-12-27 20:07:41,1695,0.0
2022-05-02 01:44:56,2021-10-20 18:50:50,4,0.0
2022-05-02 01:44:59,2017-10-23 10:03:18,1344,0.4588
2022-05-02 01:45:01,2013-08-04 20:57:36,43,0.0
2022-05-02 01:45:08,2017-09-24 21:05:51,64,0.1779
2022-05-02 01:45:11,2020-01-30 02:18:50,57,0.0
2022-05-02 01:45:15,2019-09-11 00:06:58,180,0.6249
2022-05-02 01:45:27,2013-09-05 21:54:13,259,0.0
2022-05-02 01:45:51,2012-02-03 19:15:52,142,0.0772
2022-05-02 01:45:58,2021-01-28 15:50:06,3889,-0.4939
2022-05-02 01:45:59,2014-10-11 18:11:22,256,0.0
2022-05-02 01:46:04,2020-01-30 02:18:50,57,0.0
2022-05-02 01:46:05,2015-07-06 18:39:28,197,0.3612
2022-05-02 01:46:08,2014-10-11 18:11:22,256,0.0
2022-05-02 01:46:09,2020-11-09 06:50:32,365,0.0
2022-05-02 01:46:13,2013-09-02 18:46:06,32,0.0
2022-05-02 01:46:18,2021-07-02 23:33:08,1907,0.0
2022-05-02 01:46:20,2015-04-28 01:23:21,37,0.0
2022-05-02 01:46:22,2014-09-24 23:31:09,53,0.2263
2022-05-02 01:46:24,2019-10-09 01:16:37,15,0.0
2022-05-02 01:46:28,2009-02-23 18:30:38,288,-0.4939
2022-05-02 01:46:27,2018-03-26 20:38:12,783,-0.872
2022-05-02 01:46:27,2021-12-03 03:05:49,916,0.0
2022-05-02 01:46:43,2013-10-06 05:58:01,188,-0.4939
2022-05-02 01:46:44,2020-11-09 06:50:32,365,-0.4404
2022-05-02 01:46:49,2019-10-24 02:49:28,36,0.0
2022-05-02 01:46:55,2017-06-04 00:43:58,65,-0.0772
2022-05-02 01:46:57,2021-12-03 00:47:41,40,0.0
2022-05-02 01:46:59,2013-09-02 18:46:06,32,0.0
2022-05-02 01:46:59,2020-11-03 19:48:12,2300,0.0772
2022-05-02 01:47:00,2021-01-25 05:03:57,34,0.0
2022-05-02 01:47:00,2016-07-01 01:37:37,39,0.0
2022-05-02 01:47:02,2022-02-27 00:29:10,43,0.0
2022-05-02 01:47:02,2017-12-15 00:37:11,251,0.0772
2022-05-02 01:47:03,2009-02-13 08:29:17,669,0.0
2022-05-02 01:47:08,2022-04-27 22:18:19,3,0.0
2022-05-02 01:47:12,2020-03-30 17:37:59,160,0.0
2022-05-02 01:47:09,2021-01-10 22:29:25,131,0.0
2022-05-02 01:47:18,2015-09-21 06:58:40,109,0.4939
2022-05-02 01:47:18,2016-05-09 01:07:49,411,0.4939
2022-05-02 01:47:18,2020-01-30 02:18:50,57,0.4939
2022-05-02 01:47:21,2021-12-24 15:19:06,129,0.0
2022-05-02 01:47:21,2020-11-28 17:40:09,1578,0.0
2022-05-02 01:47:25,2020-01-11 04:30:23,1219,0.0
2022-05-02 01:47:25,2016-10-06 20:14:11,409,0.0
2022-05-02 01:47:27,2014-11-30 01:00:04,31,0.0
2022-05-02 01:47:30,2012-06-17 05:47:29,309,-0.4939
2022-05-02 01:47:32,2022-04-26 21:53:17,205,0.4404
2022-05-02 01:47:35,2020-09-13 22:47:02,430,0.0
2022-05-02 01:47:42,2021-01-10 22:29:25,131,0.0
2022-05-02 01:47:45,2021-11-17 02:25:18,149,0.5719
2022-05-02 01:48:04,2018-03-04 04:00:57,416,0.0
2022-05-02 01:48:08,2020-09-23 20:06:46,239,0.0
2022-05-02 01:48:18,2018-12-06 03:13:30,10,0.4939
2022-05-02 01:48:20,2019-12-23 23:32:06,55,0.574
2022-05-02 01:48:21,2015-11-16 00:55:50,68,0.0
2022-05-02 01:48:23,2015-04-12 15:24:50,804,0.0772
2022-05-02 01:48:34,2020-09-25 02:24:57,150,0.0
2022-05-02 01:48:35,2018-12-13 00:47:18,7,0.0
2022-05-02 01:48:36,2010-12-10 20:08:12,352,0.2382
2022-05-02 01:48:38,2018-10-14 06:54:08,478,0.0
2022-05-02 01:48:54,2013-10-22 05:18:56,634,0.4939
2022-05-02 01:49:04,2022-04-12 09:32:48,9506,0.2023
2022-05-02 01:49:05,2022-02-09 00:03:07,18,-0.4019
2022-05-02 01:49:06,2021-06-26 16:07:11,137,0.3182
2022-05-02 01:49:08,2019-06-26 02:30:37,84,0.0
2022-05-02 01:49:23,2019-08-29 20:24:51,238,0.0
2022-05-02 01:49:27,2014-11-02 07:54:56,448,0.0
2022-05-02 01:49:29,2021-02-24 13:30:24,57,0.0
2022-05-02 01:49:39,2019-03-14 16:44:17,652,0.0
2022-05-02 01:49:44,2021-11-29 20:16:35,23,0.0772
2022-05-02 01:49:48,2017-09-05 02:19:32,109,0.0
2022-05-02 01:49:50,2011-02-11 18:31:06,948,0.0
2022-05-02 01:50:09,2021-09-24 02:52:17,118,0.0
2022-05-02 01:50:12,2022-03-10 00:55:07,231,-0.7096
2022-05-02 01:50:24,2014-04-03 05:53:48,58,0.0
2022-05-02 01:50:33,2021-02-24 13:30:24,57,0.0
2022-05-02 01:50:36,2015-12-06 11:34:46,92,0.8683
2022-05-02 01:50:38,2021-02-24 13:30:24,57,0.0
2022-05-02 01:50:45,2013-01-06 04:47:25,483,-0.4939
2022-05-02 01:50:46,2016-05-29 21:36:38,157,0.4939
2022-05-02 01:50:46,2016-07-31 19:55:48,61,0.0
2022-05-02 01:50:49,2020-10-08 01:33:37,127,0.1779
2022-05-02 01:50:52,2018-12-17 05:29:58,261,0.0
2022-05-02 01:50:53,2021-02-24 13:30:24,57,0.0
2022-05-02 01:50:55,2021-06-21 16:50:08,1309,0.0772
2022-05-02 01:50:58,2022-01-11 08:01:06,38,0.3321
2022-05-02 01:50:59,2020-03-15 05:22:10,2393,0.6249
2022-05-02 01:51:02,2022-02-15 12:49:29,0,0.0
2022-05-02 01:51:04,2016-08-26 13:10:20,147,0.8683
2022-05-02 01:51:05,2021-06-21 16:50:08,1309,0.0772
2022-05-02 01:51:06,2019-11-14 05:40:08,56,0.6249
2022-05-02 01:51:11,2021-08-22 21:41:46,24,0.3612
2022-05-02 01:51:13,2019-07-30 02:10:01,81,0.0
2022-05-02 01:51:13,2016-07-31 19:55:48,61,0.0
2022-05-02 01:51:27,2013-08-08 16:36:04,478,0.4588
2022-05-02 01:51:35,2019-07-01 17:15:02,1406,0.6249
2022-05-02 01:51:50,2011-07-28 20:10:04,159,-0.4939
2022-05-02 01:52:02,2021-02-09 23:44:09,73,0.6467
2022-05-02 01:52:02,2020-01-10 01:19:26,43,0.0
2022-05-02 01:52:18,2020-12-03 18:43:53,98,0.0
2022-05-02 01:52:20,2013-06-25 22:07:25,504,0.0772
2022-05-02 01:52:26,2014-11-23 02:10:32,61,0.4939
2022-05-02 01:52:31,2017-09-21 01:01:08,111,-0.6597
2022-05-02 01:52:33,2016-10-23 04:34:23,144,0.4939
2022-05-02 01:52:35,2011-08-26 21:30:16,2993,-0.4939
2022-05-02 01:52:37,2020-11-28 08:02:37,156,0.0772
2022-05-02 01:52:38,2012-10-25 07:10:26,177,0.6249
2022-05-02 01:52:44,2012-12-30 04:53:18,333,0.0
2022-05-02 01:53:06,2019-12-16 05:45:24,99,0.0
2022-05-02 01:53:15,2019-10-13 11:50:48,19,0.4588
2022-05-02 01:53:26,2016-10-01 18:54:03,19,-0.4939
2022-05-02 01:53:45,2020-10-18 23:39:58,21,0.1779
2022-05-02 01:53:45,2010-04-03 07:53:29,48,-0.4767
2022-05-02 01:53:56,2018-10-21 23:51:02,192,0.4588
2022-05-02 01:53:57,2009-02-10 14:52:54,257,0.0
2022-05-02 01:53:57,2018-12-06 21:29:53,38,0.4939
2022-05-02 01:54:08,2015-03-06 02:01:09,740,0.4939
2022-05-02 01:54:09,2012-12-30 04:53:18,333,-0.4404
2022-05-02 01:54:10,2013-11-11 22:58:51,420,0.0
2022-05-02 01:54:15,2018-03-29 05:54:21,573,0.0
2022-05-02 01:54:23,2018-03-29 05:54:21,573,0.0
2022-05-02 01:54:24,2018-10-21 23:51:02,192,0.8357
2022-05-02 01:54:24,2022-03-17 19:10:34,9,0.0
2022-05-02 01:54:27,2022-03-17 19:10:34,9,0.0
2022-05-02 01:54:29,2019-08-14 04:13:16,69,-0.3182
2022-05-02 01:54:28,2021-01-04 14:08:03,69,0.0
2022-05-02 01:54:32,2017-08-22 14:39:06,22,-0.1531
2022-05-02 01:54:33,2019-05-07 02:09:56,37,0.0
2022-05-02 01:54:35,2017-04-25 02:10:11,170,-0.4404
2022-05-02 01:54:36,2015-06-27 13:28:25,162,0.4939
2022-05-02 01:54:41,2014-02-21 20:14:15,570,-0.4939
2022-05-02 01:54:46,2020-05-19 16:30:33,80,0.4939
2022-05-02 01:54:48,2014-10-25 13:40:06,54,-0.4939
2022-05-02 01:54:51,2021-05-08 07:38:38,88,0.0
2022-05-02 01:54:54,2012-01-30 23:26:34,74,0.0772
2022-05-02 01:54:53,2019-07-17 01:44:22,56,-0.4939
2022-05-02 01:54:54,2022-01-03 05:10:18,30,0.0
2022-05-02 01:54:55,2016-08-26 13:10:20,147,0.7783
2022-05-02 01:54:55,2020-11-20 04:09:11,3222,0.0
2022-05-02 01:54:58,2019-05-07 02:09:56,37,0.0
2022-05-02 01:55:00,2018-08-08 01:20:53,1267,0.3321
2022-05-02 01:55:00,2012-12-30 04:53:18,333,0.0
2022-05-02 01:55:06,2019-05-10 20:05:38,69,0.4939
2022-05-02 01:55:07,2018-12-03 23:11:50,214,-0.0258
2022-05-02 01:55:11,2019-02-20 00:28:52,0,0.1779
2022-05-02 01:55:18,2016-05-19 01:44:53,318,-0.0772
2022-05-02 01:55:24,2020-08-05 06:26:16,10,0.0
2022-05-02 01:55:28,2016-03-31 02:02:16,5,0.5499
2022-05-02 01:55:29,2012-10-27 00:41:17,542,-0.4939
2022-05-02 01:55:38,2010-05-29 16:15:14,3286,0.1779
2022-05-02 01:55:52,2018-12-01 20:37:44,721,0.6597
2022-05-02 01:56:02,2020-06-12 12:01:51,30,0.1779
2022-05-02 01:56:10,2015-09-03 04:10:37,385,-0.4939
2022-05-02 01:56:26,2010-07-14 19:32:12,117,0.4939
2022-05-02 01:56:27,2015-12-26 03:33:18,238,-0.4939
2022-05-02 01:56:34,2020-06-07 21:56:37,79,0.0
2022-05-02 01:56:43,2018-04-12 06:16:59,137,0.3321
2022-05-02 01:56:48,2016-04-01 02:04:46,410,0.0
2022-05-02 01:56:50,2020-02-15 01:01:07,17,-0.8481
2022-05-02 01:56:56,2012-05-01 06:31:20,1467,0.4939
2022-05-02 01:57:03,2013-06-25 22:07:25,504,0.0772
2022-05-02 01:57:07,2019-01-08 20:26:19,306,0.0
2022-05-02 01:57:12,2019-04-08 02:13:47,25,0.0
2022-05-02 01:57:19,2015-02-01 15:19:39,84,0.0
2022-05-02 01:57:22,2016-04-05 03:38:42,1198,-0.6133
2022-05-02 01:57:23,2020-01-14 14:10:11,75,0.0
2022-05-02 01:57:31,2021-11-07 01:36:35,91,0.6249
2022-05-02 01:57:37,2020-07-28 06:22:14,3,0.0
2022-05-02 01:57:41,2021-12-17 04:33:36,39,0.0
2022-05-02 01:57:43,2016-01-24 12:28:19,276,0.0772
2022-05-02 01:57:44,2018-01-18 06:27:19,225,0.0
2022-05-02 01:57:48,2020-07-24 14:19:01,76,0.0
2022-05-02 01:57:52,2014-10-01 03:03:10,66,0.7783
2022-05-02 01:57:59,2021-08-21 23:42:14,22,-0.5719
2022-05-02 01:58:24,2018-11-20 12:52:02,33,0.0
2022-05-02 01:58:24,2022-03-27 11:49:31,49,0.0
2022-05-02 01:58:28,2020-01-14 14:10:11,75,0.0
2022-05-02 01:58:30,2017-10-01 16:29:14,205,0.0
2022-05-02 01:58:31,2018-11-20 12:52:02,33,0.0
2022-05-02 01:58:31,2021-02-11 18:13:39,37,0.0
2022-05-02 01:58:36,2021-02-11 00:06:48,33,0.4939
2022-05-02 01:58:37,2019-09-28 16:30:16,340,0.6249
2022-05-02 01:58:41,2019-10-20 01:24:53,531,0.0
2022-05-02 01:58:43,2019-10-20 01:24:53,531,0.0
2022-05-02 01:58:50,2018-01-27 11:14:15,18,0.0
2022-05-02 01:59:14,2013-06-25 22:07:25,504,0.0772
2022-05-02 01:59:19,2020-02-16 21:51:31,184,0.4939
2022-05-02 01:59:21,2018-12-05 07:36:05,23,0.0
2022-05-02 01:59:27,2021-09-29 02:27:04,352,-0.4939
2022-05-02 01:59:29,2019-09-11 16:04:25,226,0.3321
2022-05-02 01:59:31,2016-04-01 00:59:15,183,-0.4939
2022-05-02 01:59:34,2014-06-14 05:19:29,261,0.0
2022-05-02 01:59:35,2022-04-20 13:48:12,7,0.0
2022-05-02 01:59:40,2016-05-07 16:33:33,1373,0.8625
2022-05-02 01:59:42,2022-01-15 02:28:20,10,-0.4927
2022-05-02 01:59:50,2021-02-17 02:54:21,44,0.0
2022-05-02 01:59:59,2019-09-11 16:04:25,226,-0.6405
2022-05-02 02:00:00,2019-11-08 02:05:57,192,0.6249
2022-05-02 02:00:06,2018-08-13 04:58:22,74,0.3321
2022-05-02 02:00:07,2021-04-29 21:40:19,125,0.0
2022-05-02 02:00:36,2016-09-01 00:47:05,26,0.4939
2022-05-02 02:00:56,2021-11-07 01:36:35,91,0.0
2022-05-02 02:01:07,2019-08-09 17:35:27,455,0.0
2022-05-02 02:01:09,2014-09-06 01:19:24,73,0.0
2022-05-02 02:01:12,2021-12-31 01:51:06,12,0.92
2022-05-02 02:01:12,2020-07-23 09:24:04,339,-0.4939
2022-05-02 02:01:14,2008-04-10 19:40:27,22331,0.7645
2022-05-02 02:01:14,2018-09-16 19:03:54,441,0.0
2022-05-02 02:01:15,2010-04-13 04:12:59,6535,0.7645
2022-05-02 02:01:21,2021-07-16 00:33:06,227,0.0
2022-05-02 02:01:21,2009-10-05 06:14:07,433,0.0
2022-05-02 02:01:27,2015-09-20 20:32:56,60,0.0
2022-05-02 02:01:26,2018-09-01 22:49:38,49,0.0
2022-05-02 02:01:28,2014-09-06 01:19:24,73,0.0
2022-05-02 02:01:37,2015-11-02 05:19:11,10,0.0
2022-05-02 02:01:39,2009-03-09 05:27:38,1468,0.0
2022-05-02 02:01:44,2020-10-12 04:32:54,60,0.0
2022-05-02 02:01:46,2009-04-29 23:30:05,62996,-0.8507
2022-05-02 02:01:46,2010-04-29 22:19:25,12751,0.7645
2022-05-02 02:01:48,2011-03-22 10:43:26,16180,0.7645
2022-05-02 02:01:49,2016-11-23 07:02:06,905,0.7645
2022-05-02 02:01:53,2019-03-09 22:51:11,603,0.0
2022-05-02 02:01:57,2021-04-21 00:32:31,111,0.0
2022-05-02 02:02:03,2021-12-24 03:19:05,11,0.0
2022-05-02 02:02:04,2020-04-04 15:19:31,162,-0.4939
2022-05-02 02:02:04,2013-08-04 20:57:36,43,0.0
2022-05-02 02:02:05,2021-11-25 19:02:02,179,0.4939
2022-05-02 02:02:26,2020-04-11 01:41:38,92,-0.8507
2022-05-02 02:02:28,2021-04-29 21:40:19,125,0.0
2022-05-02 02:02:33,2020-08-25 19:30:31,757,0.6249
2022-05-02 02:02:50,2021-12-31 02:23:39,74,0.0
2022-05-02 02:03:01,2021-10-25 03:04:03,1,-0.4939
2022-05-02 02:03:02,2020-10-02 05:57:08,348,-0.7227
2022-05-02 02:03:02,2018-05-12 23:08:09,110,0.1779
2022-05-02 02:03:05,2012-05-06 20:33:03,10811,0.0
2022-05-02 02:03:11,2018-12-30 18:30:24,115,-0.8507
2022-05-02 02:03:12,2021-04-29 21:40:19,125,0.0
2022-05-02 02:03:13,2016-02-23 18:52:16,278,0.4588
2022-05-02 02:03:21,2014-04-27 19:34:55,233,0.0
2022-05-02 02:03:22,2014-05-09 01:13:36,85,0.0772
2022-05-02 02:03:24,2013-11-02 16:21:08,66,0.0
2022-05-02 02:03:25,2014-04-27 19:34:55,233,0.0
2022-05-02 02:03:25,2020-10-22 23:17:54,204,0.0
2022-05-02 02:03:26,2022-04-06 01:53:33,7,0.0
2022-05-02 02:03:29,2021-12-31 02:23:39,74,0.0
2022-05-02 02:03:37,2017-10-24 23:17:05,100,0.6249
2022-05-02 02:03:40,2011-05-05 23:01:13,6285,0.34
2022-05-02 02:03:45,2020-03-25 23:35:00,1,0.0
2022-05-02 02:03:45,2013-12-01 23:56:38,144,0.0
2022-05-02 02:03:53,2011-07-20 19:42:55,373,0.0
2022-05-02 02:04:09,2014-08-27 04:48:52,53,0.4939
2022-05-02 02:04:15,2020-09-24 19:05:18,589,0.3182
2022-05-02 02:04:19,2018-04-18 17:37:06,58,0.6249
2022-05-02 02:04:27,2018-09-10 01:29:11,121,0.0
2022-05-02 02:04:31,2019-10-12 23:43:49,51,0.0
2022-05-02 02:04:40,2020-08-14 00:17:25,860,0.6249
2022-05-02 02:04:49,2020-10-31 19:04:34,344,0.0
2022-05-02 02:04:54,2018-08-05 04:34:40,39,0.0
2022-05-02 02:04:56,2021-10-20 18:58:08,122,0.0
2022-05-02 02:04:58,2021-10-20 18:58:08,122,0.0
2022-05-02 02:05:04,2022-04-16 04:00:27,388,0.0
2022-05-02 02:05:05,2016-04-08 00:42:50,8,0.0
2022-05-02 02:05:07,2009-04-29 23:30:05,62996,0.5667
2022-05-02 02:05:07,2018-04-29 04:05:02,93,0.0
2022-05-02 02:05:11,2020-08-25 18:03:09,515,0.0
2022-05-02 02:05:14,2012-10-25 03:02:06,157,0.0772
2022-05-02 02:05:23,2021-11-25 01:09:42,5,-0.8555
2022-05-02 02:05:28,2019-10-12 04:18:02,107,0.0
2022-05-02 02:05:35,2020-08-02 01:12:00,100,0.0
2022-05-02 02:05:38,2012-11-10 03:36:14,83,-0.4939
2022-05-02 02:05:53,2021-04-29 21:40:19,125,0.0
2022-05-02 02:05:55,2020-11-25 13:55:11,110,0.0
2022-05-02 02:06:00,2017-04-05 23:16:15,55,0.0
2022-05-02 02:06:04,2016-02-17 17:07:40,59,0.0
2022-05-02 02:06:17,2014-08-01 05:17:32,171,0.8979
2022-05-02 02:06:21,2017-11-10 05:33:25,663,0.4939
2022-05-02 02:06:22,2019-10-12 04:18:02,107,0.3182
2022-05-02 02:06:23,2018-12-05 07:36:05,23,0.0
2022-05-02 02:06:38,2019-10-24 02:49:28,36,0.4939
2022-05-02 02:06:40,2019-10-12 04:18:02,107,0.0
2022-05-02 02:06:48,2015-11-29 22:50:55,91,0.0
2022-05-02 02:06:58,2022-03-28 17:01:31,57,0.6249
2022-05-02 02:07:10,2021-05-08 07:38:38,88,0.0
2022-05-02 02:07:10,2014-03-24 17:57:38,318,-0.0516
2022-05-02 02:07:14,2011-03-03 06:46:19,296,-0.5719
2022-05-02 02:07:18,2016-09-19 19:04:28,50,0.0
2022-05-02 02:07:20,2022-03-19 01:04:37,28,0.0
2022-05-02 02:07:25,2022-03-19 01:04:37,28,0.0
2022-05-02 02:07:26,2020-05-28 21:55:16,301,0.0
2022-05-02 02:07:33,2013-09-26 09:37:50,3177,-0.7579
2022-05-02 02:07:38,2021-12-13 06:04:41,55,0.0
2022-05-02 02:07:48,2020-04-20 09:04:54,82,-0.4767
2022-05-02 02:07:49,2019-07-09 18:55:57,57,0.0
2022-05-02 02:07:50,2020-08-10 02:34:32,135,0.0
2022-05-02 02:07:50,2020-08-14 00:17:25,860,-0.4939
2022-05-02 02:07:53,2022-01-15 06:20:41,17,0.0
2022-05-02 02:07:54,2013-10-30 19:11:55,90,-0.4939
2022-05-02 02:08:04,2014-02-10 21:32:57,361,0.6249
2022-05-02 02:08:15,2020-08-23 06:44:57,124,0.3321
2022-05-02 02:08:19,2021-06-03 18:00:57,2046,-0.9201
2022-05-02 02:08:21,2019-12-21 03:52:44,197,0.4939
2022-05-02 02:08:20,2021-06-03 18:00:57,2046,-0.8283
2022-05-02 02:08:21,2021-06-03 18:00:57,2046,0.0772
2022-05-02 02:08:22,2020-12-27 01:30:21,395,0.0
2022-05-02 02:08:28,2019-03-22 06:56:29,813,0.6249
2022-05-02 02:08:31,2015-10-03 14:59:55,84,0.1779
2022-05-02 02:08:32,2019-12-29 06:33:59,38,0.0
2022-05-02 02:08:39,2018-11-16 17:57:33,131,0.0
2022-05-02 02:08:49,2021-02-22 02:24:51,1892,0.3321
2022-05-02 02:08:53,2020-08-14 00:17:25,860,-0.4939
2022-05-02 02:08:54,2018-05-18 22:17:00,41,0.0772
2022-05-02 02:08:55,2016-04-07 02:37:13,323,0.6249
2022-05-02 02:08:55,2019-01-29 13:22:58,11,0.3804
2022-05-02 02:09:06,2019-05-04 06:49:57,7,0.4939
2022-05-02 02:09:06,2021-06-03 18:00:57,2046,0.0772
2022-05-02 02:09:11,2012-04-14 06:27:26,29,0.7783
2022-05-02 02:09:19,2019-10-04 20:16:45,33,-0.4939
2022-05-02 02:09:26,2014-09-19 01:49:56,22,0.0
2022-05-02 02:09:26,2022-01-25 02:09:15,70,0.296
2022-05-02 02:09:29,2009-09-02 23:47:35,6364,-0.6323
2022-05-02 02:09:31,2017-01-19 23:38:02,88,0.6249
2022-05-02 02:09:34,2009-02-23 17:48:24,2277,0.5187
2022-05-02 02:09:34,2019-05-18 02:11:58,28,0.4939
2022-05-02 02:09:44,2016-05-09 01:07:49,411,0.3321
2022-05-02 02:09:48,2020-11-03 19:48:12,2300,0.0772
2022-05-02 02:09:59,2021-01-20 01:44:39,135,0.0
2022-05-02 02:10:06,2014-06-19 17:39:03,31,0.0
2022-05-02 02:10:11,2009-04-28 20:22:37,611,0.6249
2022-05-02 02:10:13,2016-07-30 01:45:38,118,-0.4939
2022-05-02 02:10:15,2014-08-01 05:17:32,171,0.3182
2022-05-02 02:10:16,2020-06-16 21:04:35,1215,0.0
2022-05-02 02:10:25,2017-07-26 03:11:50,1115,0.0
2022-05-02 02:10:27,2016-04-30 21:28:35,149,0.4588
2022-05-02 02:10:43,2014-05-02 16:00:55,412,0.4939
2022-05-02 02:10:50,2019-01-08 20:26:19,306,0.0
2022-05-02 02:10:55,2021-08-22 08:30:16,1,0.0
2022-05-02 02:10:55,2016-07-16 14:54:23,95,0.3321
2022-05-02 02:10:58,2020-10-07 21:44:57,70,0.0
2022-05-02 02:11:00,2022-04-23 04:20:33,6,0.4939
2022-05-02 02:10:59,2018-11-12 15:36:12,204,0.4588
2022-05-02 02:11:01,2018-03-31 20:18:21,251,0.0
2022-05-02 02:11:16,2017-09-04 03:31:57,102,0.4939
2022-05-02 02:11:26,2016-12-16 05:26:27,27,0.0
2022-05-02 02:11:29,2010-07-03 04:18:29,138,-0.4939
2022-05-02 02:11:29,2016-01-21 11:57:12,18319,0.3321
2022-05-02 02:11:32,2020-06-26 14:24:30,340,0.0
2022-05-02 02:11:43,2021-12-27 16:57:07,15,0.6249
2022-05-02 02:11:45,2019-01-03 00:47:33,128,0.3818
2022-05-02 02:11:45,2022-01-30 08:38:51,76,0.0
2022-05-02 02:11:54,2016-01-21 11:57:12,18319,0.0
2022-05-02 02:11:59,2021-06-05 04:17:34,275,0.8126
2022-05-02 02:12:00,2021-07-26 01:07:21,16,0.0
2022-05-02 02:12:06,2015-06-13 05:25:35,184,0.953
2022-05-02 02:12:06,2011-09-27 01:31:40,90,0.0
2022-05-02 02:12:13,2012-02-20 00:29:25,629,-0.4939
2022-05-02 02:12:17,2020-06-28 17:25:23,161,0.0
2022-05-02 02:12:18,2020-12-05 18:59:36,65,0.0
2022-05-02 02:12:18,2016-05-23 02:25:59,17,0.3182
2022-05-02 02:12:18,2011-09-27 01:31:40,90,0.0
2022-05-02 02:12:25,2014-01-20 01:31:22,324,0.2732
2022-05-02 02:12:35,2011-08-30 14:55:53,121,-0.4939
2022-05-02 02:12:36,2022-04-27 00:41:58,47,0.4215
2022-05-02 02:12:36,2019-02-21 19:56:23,1289,0.0
2022-05-02 02:12:49,2018-02-03 00:12:00,2910,0.0
2022-05-02 02:12:57,2020-08-10 02:34:32,135,0.0
2022-05-02 02:13:00,2018-01-12 22:47:15,26,0.0
2022-05-02 02:13:12,2013-05-03 23:11:59,1231,0.0
2022-05-02 02:13:14,2019-11-12 11:51:06,239,0.4939
2022-05-02 02:13:22,2014-08-30 17:38:00,10,0.0
2022-05-02 02:13:30,2016-07-10 12:00:44,81,0.0
2022-05-02 02:13:31,2014-01-20 01:31:22,324,0.0
2022-05-02 02:13:37,2021-08-19 00:05:39,26,0.6249
2022-05-02 02:13:46,2012-08-27 19:12:21,118,-0.4939
2022-05-02 02:13:46,2019-08-23 01:36:32,894,0.0
2022-05-02 02:13:52,2012-09-06 02:41:34,166,0.0
2022-05-02 02:13:55,2014-10-27 02:26:16,180,-0.3612
2022-05-02 02:13:54,2021-04-02 07:11:59,33,0.0
2022-05-02 02:14:07,2018-05-22 01:50:01,92,0.0
2022-05-02 02:14:15,2013-05-22 22:35:15,244,0.4939
2022-05-02 02:14:24,2017-12-09 16:09:11,28,0.0
2022-05-02 02:14:25,2016-12-16 05:26:27,27,0.0
2022-05-02 02:14:28,2015-06-13 05:25:35,184,0.4822
2022-05-02 02:14:33,2020-05-20 20:33:09,22,0.3321
2022-05-02 02:14:41,2019-12-23 09:44:35,546,0.0
2022-05-02 02:14:49,2014-01-20 01:31:22,324,0.0
2022-05-02 02:14:55,2018-11-22 15:05:37,438,0.1027
2022-05-02 02:15:01,2010-11-05 17:06:55,4180,0.4939
2022-05-02 02:15:07,2020-08-10 02:34:32,135,0.0
2022-05-02 02:15:08,2017-02-09 04:50:50,37,0.6249
2022-05-02 02:15:13,2021-03-04 06:37:38,1336,0.4939
2022-05-02 02:15:15,2017-09-06 02:05:01,754,0.0
2022-05-02 02:15:15,2018-04-12 22:06:03,113,0.6249
2022-05-02 02:15:23,2015-12-21 01:17:31,96,0.4939
2022-05-02 02:15:35,2009-06-20 17:41:03,225,0.4939
2022-05-02 02:15:41,2009-05-10 03:03:39,66,0.4939
2022-05-02 02:15:46,2014-08-01 05:17:32,171,-0.34
2022-05-02 02:15:48,2018-11-27 01:26:39,67,0.0
2022-05-02 02:15:52,2021-12-01 21:03:53,8,0.0
2022-05-02 02:16:03,2020-05-02 01:11:17,1152,0.0
2022-05-02 02:16:07,2021-07-20 11:27:01,16,0.0
2022-05-02 02:16:13,2012-09-19 02:05:39,105,-0.8507
2022-05-02 02:16:17,2013-09-11 17:40:18,148,0.4939
2022-05-02 02:16:24,2015-02-22 00:10:43,79,0.0
2022-05-02 02:16:28,2020-04-16 13:58:28,39,0.0
2022-05-02 02:16:30,2013-06-02 20:45:47,139,0.0
2022-05-02 02:16:35,2013-06-02 20:45:47,139,0.0
2022-05-02 02:16:48,2021-06-02 03:24:11,131,-0.4404
2022-05-02 02:16:52,2015-06-13 05:25:35,184,0.7783
2022-05-02 02:16:53,2020-04-28 03:02:18,119,0.3321
2022-05-02 02:16:55,2020-11-05 06:09:39,111,0.0
2022-05-02 02:16:56,2019-03-18 17:18:06,6,0.34
2022-05-02 02:16:57,2020-11-05 06:09:39,111,0.0
2022-05-02 02:16:56,2017-11-07 11:58:40,301,0.0
2022-05-02 02:17:10,2010-08-25 01:37:07,156,0.4939
2022-05-02 02:17:12,2017-05-13 20:59:46,53,0.0
2022-05-02 02:17:17,2021-12-28 05:21:05,36,-0.4939
2022-05-02 02:17:18,2019-08-30 03:03:03,35,-0.2732
2022-05-02 02:17:22,2019-08-15 17:49:07,26,0.0
2022-05-02 02:17:22,2019-06-29 22:21:03,416,0.4939
2022-05-02 02:17:27,2020-07-28 00:44:19,245,-0.4939
2022-05-02 02:17:27,2012-10-16 03:27:09,51,0.0
2022-05-02 02:17:31,2015-06-29 19:56:59,128,0.0772
2022-05-02 02:17:32,2020-06-19 01:26:40,232,0.0
2022-05-02 02:17:33,2021-01-14 00:07:44,597,0.0
2022-05-02 02:17:54,2017-02-26 21:25:58,481,0.0
2022-05-02 02:18:04,2021-12-28 00:52:17,43,0.0772
2022-05-02 02:18:18,2015-06-13 05:25:35,184,-0.0548
2022-05-02 02:18:24,2021-12-28 00:52:17,43,0.0772
2022-05-02 02:18:26,2013-03-12 06:06:07,469,0.4939
2022-05-02 02:18:26,2021-05-09 02:22:09,54,0.0
2022-05-02 02:18:40,2020-11-25 05:55:57,11,0.1779
2022-05-02 02:18:51,2017-12-11 19:31:23,17,-0.4019
2022-05-02 02:18:56,2021-03-02 01:08:17,495,0.3182
2022-05-02 02:19:07,2011-04-28 18:49:11,644,0.0
2022-05-02 02:19:09,2020-11-14 07:08:53,11,0.0
2022-05-02 02:19:14,2021-03-02 01:08:17,495,0.0772
2022-05-02 02:19:26,2016-04-01 20:54:23,449,0.4939
2022-05-02 02:19:28,2022-03-07 02:05:18,99,0.0
2022-05-02 02:19:28,2021-09-18 04:50:10,272,-0.7717
2022-05-02 02:19:31,2020-04-16 04:38:28,63,0.0
2022-05-02 02:19:31,2010-05-26 04:25:26,160,0.4939
2022-05-02 02:19:43,2021-11-28 19:11:32,5,0.0
2022-05-02 02:19:50,2022-03-05 04:52:21,9,0.3612
2022-05-02 02:19:56,2021-04-18 18:17:57,11,0.4939
2022-05-02 02:20:06,2019-12-08 11:14:34,28,0.0
2022-05-02 02:20:08,2019-07-29 11:24:57,843,0.0
2022-05-02 02:20:09,2021-03-12 21:43:53,374,0.0
2022-05-02 02:20:16,2021-11-25 03:29:55,32,-0.4215
2022-05-02 02:20:17,2022-02-08 23:34:18,69,-0.5423
2022-05-02 02:20:25,2022-01-30 14:45:35,15,0.4939
2022-05-02 02:20:26,2020-01-10 19:53:01,79522,-0.7717
2022-05-02 02:20:47,2011-09-10 18:38:54,215,0.0
2022-05-02 02:20:47,2022-02-06 19:54:50,71,0.0
2022-05-02 02:20:55,2019-06-10 23:36:57,446,0.0
2022-05-02 02:21:16,2016-10-15 22:50:33,8,0.0
2022-05-02 02:21:21,2009-07-14 15:08:45,588,0.1531
2022-05-02 02:21:23,2020-01-11 05:52:47,29,0.2263
2022-05-02 02:21:31,2021-04-27 16:06:24,51,-0.2411
2022-05-02 02:21:34,2013-12-07 23:43:06,164,0.4939
2022-05-02 02:21:36,2019-05-31 20:09:57,614,0.0
2022-05-02 02:21:46,2019-02-28 04:38:28,1478,0.3321
2022-05-02 02:21:55,2015-01-28 22:04:00,184,0.3321
2022-05-02 02:21:56,2014-07-10 22:21:33,279,0.0772
2022-05-02 02:22:06,2017-07-26 03:11:50,1115,0.0
2022-05-02 02:22:09,2014-07-08 22:55:00,456,0.0
2022-05-02 02:22:11,2021-06-06 00:49:49,78,-0.4404
2022-05-02 02:22:11,2021-01-18 01:29:10,38,0.4939
2022-05-02 02:22:11,2020-01-11 05:52:47,29,0.2617
2022-05-02 02:22:14,2021-04-16 00:42:44,68,0.4939
2022-05-02 02:22:16,2021-03-16 17:19:14,4,0.0772
2022-05-02 02:22:26,2022-02-28 02:40:51,1,-0.4939
2022-05-02 02:22:29,2019-07-15 17:25:05,40,0.0
2022-05-02 02:22:35,2016-11-27 18:32:04,27,0.0772
2022-05-02 02:22:38,2018-04-28 16:01:49,58,0.0
2022-05-02 02:22:38,2013-11-10 05:34:39,184,0.4939
2022-05-02 02:22:42,2020-07-22 16:45:12,395,0.0
2022-05-02 02:23:02,2022-02-14 02:22:51,7,0.0772
2022-05-02 02:23:08,2016-07-20 18:39:10,42,0.1779
2022-05-02 02:23:09,2022-01-23 07:31:46,9,-0.8074
2022-05-02 02:23:12,2016-06-25 22:25:42,564,0.4939
2022-05-02 02:23:18,2009-04-13 00:34:03,18,-0.4939
2022-05-02 02:23:20,2016-02-24 04:03:30,120,0.0
2022-05-02 02:23:41,2022-02-14 02:22:51,7,0.0772
2022-05-02 02:23:41,2019-10-10 18:13:21,434,0.4939
2022-05-02 02:23:43,2021-09-23 03:05:40,30,0.0
2022-05-02 02:23:44,2014-05-18 17:44:00,49,0.4588
2022-05-02 02:23:52,2011-02-02 01:48:19,559,0.0
2022-05-02 02:23:58,2019-10-17 21:09:14,191,0.0
2022-05-02 02:24:02,2016-01-02 21:01:48,114,0.4939
2022-05-02 02:24:04,2012-07-27 14:54:05,192,0.3321
2022-05-02 02:24:04,2015-09-02 17:52:35,45,0.2732
2022-05-02 02:24:12,2020-12-19 01:05:53,46,-0.4939
2022-05-02 02:24:16,2013-08-12 10:10:40,532,0.4588
2022-05-02 02:24:16,2020-03-04 16:07:27,17,0.4939
2022-05-02 02:24:18,2019-08-01 00:49:05,748,-0.4939
2022-05-02 02:24:19,2019-05-19 05:26:48,67,0.4939
2022-05-02 02:24:20,2008-12-11 16:40:52,1253,-0.4939
2022-05-02 02:24:21,2014-12-18 00:19:01,218,-0.4939
2022-05-02 02:24:25,2022-03-28 23:35:10,47,0.0
2022-05-02 02:24:28,2011-10-27 00:26:22,48,0.0772
2022-05-02 02:24:28,2021-06-17 20:48:11,487,0.0
2022-05-02 02:24:30,2022-02-25 22:13:05,65,0.5267
2022-05-02 02:24:31,2020-08-22 18:21:24,47,0.0
2022-05-02 02:24:31,2018-11-29 01:01:01,145,0.0
2022-05-02 02:24:44,2017-12-30 18:56:34,62,0.5859
2022-05-02 02:24:57,2018-07-26 15:20:34,573,-0.7717
2022-05-02 02:25:05,2021-12-28 07:09:44,363,0.0
2022-05-02 02:25:10,2021-04-27 16:06:24,51,0.3374
2022-05-02 02:25:15,2021-09-20 20:27:28,2,-0.814
2022-05-02 02:25:23,2021-09-03 10:59:35,44,0.1779
2022-05-02 02:25:34,2021-04-28 19:01:06,12,0.6249
2022-05-02 02:25:39,2022-01-21 04:10:31,2,-0.8316
2022-05-02 02:25:49,2012-02-28 11:43:44,164,-0.1779
2022-05-02 02:25:48,2021-06-22 21:40:12,421,0.8519
2022-05-02 02:25:54,2013-06-10 08:55:56,650,0.4939
2022-05-02 02:25:56,2019-03-22 02:32:09,234,0.4939
2022-05-02 02:26:02,2011-07-23 22:28:14,187,-0.4939
2022-05-02 02:26:16,2021-08-18 14:48:32,28,0.3321
2022-05-02 02:26:31,2014-12-30 00:27:24,160,0.4939
2022-05-02 02:26:38,2018-10-27 16:01:40,224,0.4939
2022-05-02 02:26:59,2018-10-08 15:33:03,1101,0.0
2022-05-02 02:27:03,2019-04-27 21:57:23,178,0.6249
2022-05-02 02:27:08,2017-10-08 03:40:13,376,0.4939
2022-05-02 02:27:10,2016-04-13 00:43:50,28,0.5106
2022-05-02 02:27:10,2020-05-30 07:01:26,320,0.0
2022-05-02 02:27:13,2021-01-23 20:01:16,2,0.6249
2022-05-02 02:27:20,2017-06-25 15:37:55,269,-0.7717
2022-05-02 02:27:21,2021-02-11 00:06:48,33,0.7177
2022-05-02 02:27:27,2017-07-21 03:17:57,434,0.7003
2022-05-02 02:27:50,2019-11-05 21:22:15,86,0.1531
2022-05-02 02:27:50,2020-09-18 03:04:38,2,0.1779
2022-05-02 02:27:52,2017-07-21 03:17:57,434,0.7003
2022-05-02 02:27:59,2021-05-17 02:15:59,17,0.6249
2022-05-02 02:28:00,2021-08-18 14:48:32,28,0.6249
2022-05-02 02:28:00,2020-06-26 02:59:23,133,0.6249
2022-05-02 02:28:08,2021-10-16 19:25:15,220,0.0
2022-05-02 02:28:32,2015-05-04 00:59:46,784,0.0
2022-05-02 02:28:36,2019-03-14 17:52:24,26,-0.4939
2022-05-02 02:28:45,2018-01-04 03:56:27,310,0.6249
2022-05-02 02:28:57,2016-03-29 01:51:56,2776,0.1779
2022-05-02 02:29:04,2018-10-16 16:19:54,1169,0.0
2022-05-02 02:29:04,2017-05-21 21:02:34,41,0.0
2022-05-02 02:29:07,2018-10-16 16:19:54,1169,0.0
2022-05-02 02:29:11,2018-01-04 03:56:27,310,0.0
2022-05-02 02:29:12,2016-04-01 20:34:15,206,0.4939
2022-05-02 02:29:30,2017-04-05 23:16:15,55,0.0
2022-05-02 02:29:39,2014-05-09 04:44:38,220,0.0
2022-05-02 02:29:52,2016-12-30 05:39:46,4111,0.0772
2022-05-02 02:30:00,2022-04-13 10:37:48,6,0.4939
2022-05-02 02:30:02,2015-07-04 17:58:50,2451,0.34
2022-05-02 02:30:04,2011-01-11 15:36:47,90,0.0
2022-05-02 02:30:04,2020-02-09 02:22:30,9,0.3321
2022-05-02 02:30:08,2020-08-09 13:36:30,552,0.4939
2022-05-02 02:30:11,2018-05-12 04:02:13,110,0.0
2022-05-02 02:30:12,2018-05-12 04:02:13,110,0.0
2022-05-02 02:30:16,2022-04-24 09:33:17,26,0.0
2022-05-02 02:30:17,2010-07-12 03:21:22,449,0.1779
2022-05-02 02:30:25,2017-12-28 05:34:16,183,-0.7717
2022-05-02 02:30:32,2014-06-01 04:51:16,311,0.0
2022-05-02 02:30:34,2017-04-27 22:57:25,41,0.0
2022-05-02 02:30:37,2017-10-14 15:38:08,104,0.0
2022-05-02 02:30:40,2021-01-23 20:01:16,2,0.9648
